"","pollen_count","date"
"1",3,2010-08-24
"2",0,2010-08-25
"3",1,2010-08-26
"4",2,2010-08-27
"5",6,2010-08-28
"6",6,2010-08-29
"7",2,2010-08-30
"8",1,2010-08-31
"9",0,2010-09-01
"10",4,2010-09-02
"11",2,2010-09-03
"12",1,2010-09-04
"13",2,2010-09-05
"14",8,2010-09-06
"15",0,2010-09-07
"16",0,2010-09-08
"17",0,2010-09-09
"18",0,2010-09-10
"19",5,2010-09-11
"20",1,2010-09-12
"21",1,2010-09-13
"22",1,2010-09-14
"23",1,2010-09-15
"24",2,2010-09-16
"25",12,2010-09-17
"26",4,2010-09-18
"27",9,2010-09-19
"28",0,2010-09-20
"29",1,2010-09-21
"30",8,2010-09-22
"31",13,2010-09-23
"32",3,2010-09-24
"33",4,2010-09-25
"34",1,2010-09-26
"35",1,2010-09-27
"36",7,2010-09-28
"37",5,2010-09-29
"38",9,2010-09-30
"39",7,2010-10-01
"40",6,2010-10-02
"41",5,2010-10-03
"42",19,2010-10-04
"43",18,2010-10-05
"44",8,2010-10-06
"45",3,2010-10-07
"46",12,2010-10-08
"47",13,2010-10-09
"48",0,2010-10-10
"49",5,2010-10-11
"50",18,2010-10-12
"51",19,2010-10-13
"52",3,2010-10-14
"53",19,2010-10-15
"54",30,2010-10-16
"55",23,2010-10-17
"56",24,2010-10-18
"57",19,2010-10-19
"58",6,2010-10-20
"59",16,2010-10-21
"60",5,2010-10-22
"61",11,2010-10-23
"62",161,2010-10-24
"63",3,2010-10-25
"64",27,2010-10-26
"65",21,2010-10-27
"66",30,2010-10-28
"67",35,2010-10-29
"68",28,2010-10-30
"69",19,2010-10-31
"70",23,2010-11-01
"71",44,2010-11-02
"72",62,2010-11-03
"73",6,2010-11-04
"74",13,2010-11-05
"75",25,2010-11-06
"76",21,2010-11-07
"77",6,2010-11-08
"78",8,2010-11-09
"79",28,2010-11-10
"80",9,2010-11-11
"81",7,2010-11-12
"82",0,2010-11-13
"83",32,2010-11-14
"84",15,2010-11-15
"85",31,2010-11-16
"86",40,2010-11-17
"87",46,2010-11-18
"88",14,2010-11-19
"89",8,2010-11-20
"90",1,2010-11-21
"91",26,2010-11-22
"92",21,2010-11-23
"93",16,2010-11-24
"94",8,2010-11-25
"95",10,2010-11-26
"96",5,2010-11-27
"97",5,2010-11-28
"98",4,2010-11-29
"99",19,2010-11-30
"100",17,2010-12-01
"101",19,2010-12-02
"102",3,2010-12-03
"103",6,2010-12-04
"104",14,2010-12-05
"105",17,2010-12-06
"106",15,2010-12-07
"107",15,2010-12-08
"108",12,2010-12-09
"109",11,2010-12-10
"110",6,2010-12-11
"111",12,2010-12-12
"112",36,2010-12-13
"113",24,2010-12-14
"114",13,2010-12-15
"115",15,2010-12-16
"116",8,2010-12-17
"117",11,2010-12-18
"118",13,2010-12-19
"119",24,2010-12-20
"120",12,2010-12-21
"121",2,2010-12-22
"122",2,2010-12-23
"123",8,2010-12-24
"124",7,2010-12-25
"125",6,2010-12-26
"126",7,2010-12-27
"127",8,2010-12-28
"128",3,2010-12-29
"129",5,2010-12-30
"130",3,2010-12-31
"131",4,2011-01-01
"132",4,2011-01-02
"133",0,2011-01-03
"134",12,2011-01-04
"135",1,2011-01-05
"136",6,2011-01-06
"137",3,2011-01-07
"138",0,2011-01-08
"139",1,2011-01-09
"140",7,2011-01-10
"141",4,2011-01-11
"142",1,2011-01-12
"143",3,2011-01-13
"144",2,2011-01-14
"145",4,2011-01-15
"146",1,2011-01-16
"147",4,2011-01-17
"148",2,2011-01-18
"149",1,2011-01-19
"150",0,2011-01-20
"151",1,2011-01-21
"152",2,2011-01-22
"153",6,2011-01-23
"154",2,2011-01-24
"155",1,2011-01-25
"156",5,2011-01-26
"157",0,2011-01-27
"158",0,2011-01-28
"159",1,2011-01-29
"160",1,2011-01-30
"161",6,2011-01-31
"162",0,2011-02-01
"163",7,2011-02-02
"164",2,2011-02-03
"165",0,2011-02-04
"166",1,2011-02-05
"167",0,2011-02-06
"168",0,2011-02-07
"169",4,2011-02-08
"170",2,2011-02-09
"171",3,2011-02-10
"172",0,2011-02-11
"173",1,2011-02-12
"174",5,2011-02-13
"175",0,2011-02-14
"176",3,2011-02-15
"177",4,2011-02-16
"178",1,2011-02-17
"179",1,2011-02-18
"180",1,2011-02-19
"181",7,2011-02-20
"182",7,2011-02-21
"183",0,2011-02-22
"184",0,2011-02-23
"185",2,2011-02-24
"186",1,2011-02-25
"187",1,2011-02-26
"188",3,2011-02-27
"189",4,2011-02-28
"190",2,2011-03-01
"191",1,2011-03-02
"192",0,2011-03-03
"193",1,2011-03-04
"194",1,2011-03-05
"195",0,2011-03-06
"196",3,2011-03-07
"197",1,2011-03-08
"198",44,2011-03-09
"199",0,2011-03-10
"200",0,2011-03-11
"201",1,2011-03-12
"202",2,2011-03-13
"203",2,2011-03-14
"204",0,2011-03-15
"205",2,2011-03-16
"206",1,2011-03-17
"207",2,2011-03-18
"208",2,2011-03-19
"209",0,2011-03-20
"210",2,2011-03-21
"211",1,2011-03-22
"212",1,2011-03-23
"213",4,2011-03-24
"214",1,2011-03-25
"215",0,2011-03-26
"216",0,2011-03-27
"217",0,2011-03-28
"218",6,2011-03-29
"219",0,2011-03-30
"220",0,2011-03-31
"221",0,2011-04-01
"222",0,2011-04-02
"223",0,2011-04-03
"224",0,2011-04-04
"225",1,2011-04-05
"226",0,2011-04-06
"227",4,2011-04-07
"228",0,2011-04-08
"229",1,2011-04-09
"230",0,2011-04-10
"231",2,2011-04-11
"232",3,2011-04-12
"233",0,2011-04-13
"234",0,2011-04-14
"235",1,2011-04-15
"236",0,2011-04-16
"237",0,2011-04-17
"238",0,2011-04-18
"239",0,2011-04-26
"240",0,2011-04-27
"241",0,2011-04-28
"242",0,2011-04-29
"243",0,2011-04-30
"244",3,2011-05-01
"245",1,2011-05-02
"246",1,2011-05-03
"247",1,2011-05-04
"248",0,2011-05-05
"249",0,2011-05-06
"250",0,2011-05-07
"251",0,2011-05-08
"252",0,2011-05-09
"253",1,2011-05-10
"254",0,2011-05-11
"255",0,2011-05-12
"256",0,2011-05-13
"257",1,2011-05-14
"258",0,2011-05-15
"259",0,2011-05-16
"260",0,2011-05-17
"261",0,2011-05-18
"262",0,2011-05-19
"263",0,2011-05-20
"264",2,2011-05-21
"265",0,2011-05-22
"266",0,2011-05-23
"267",0,2011-05-24
"268",0,2011-05-25
"269",0,2011-05-26
"270",1,2011-05-27
"271",0,2011-05-28
"272",0,2011-05-29
"273",0,2011-05-30
"274",0,2011-05-31
"275",0,2011-06-01
"276",0,2011-06-02
"277",1,2011-06-03
"278",0,2011-06-04
"279",0,2011-06-05
"280",0,2011-06-06
"281",0,2011-06-07
"282",0,2011-06-08
"283",0,2011-06-09
"284",0,2011-06-10
"285",0,2011-06-11
"286",0,2011-06-12
"287",1,2011-06-13
"288",3,2011-06-14
"289",0,2011-06-15
"290",0,2011-06-16
"291",0,2011-06-17
"292",0,2011-06-18
"293",0,2011-06-19
"294",0,2011-06-20
"295",0,2011-06-21
"296",0,2011-06-24
"297",0,2011-06-25
"298",0,2011-06-26
"299",0,2011-06-27
"300",1,2011-06-29
"301",1,2011-06-30
"302",0,2011-07-01
"303",0,2011-07-02
"304",0,2011-07-03
"305",0,2011-07-04
"306",0,2011-07-05
"307",0,2011-07-06
"308",0,2011-07-07
"309",0,2011-07-08
"310",0,2011-07-09
"311",0,2011-07-10
"312",3,2011-07-11
"313",0,2011-07-12
"314",0,2011-07-13
"315",0,2011-07-14
"316",1,2011-07-15
"317",4,2011-07-16
"318",1,2011-07-17
"319",0,2011-07-18
"320",0,2011-07-19
"321",1,2011-07-20
"322",1,2011-07-21
"323",0,2011-07-22
"324",0,2011-07-23
"325",0,2011-07-24
"326",0,2011-07-25
"327",0,2011-07-26
"328",3,2011-07-27
"329",0,2011-07-28
"330",0,2011-07-29
"331",0,2011-07-30
"332",0,2011-07-31
"333",3,2011-08-01
"334",2,2011-08-02
"335",0,2011-08-03
"336",0,2011-08-04
"337",1,2011-08-05
"338",0,2011-08-06
"339",2,2011-08-07
"340",5,2011-08-09
"341",5,2011-08-10
"342",0,2011-08-11
"343",0,2011-08-12
"344",0,2011-08-13
"345",0,2011-08-14
"346",0,2011-08-15
"347",3,2011-08-16
"348",3,2011-08-17
"349",1,2011-08-18
"350",0,2011-08-19
"351",0,2011-08-20
"352",0,2011-08-21
"353",0,2011-08-22
"354",0,2011-08-23
"355",0,2011-08-24
"356",0,2011-08-25
"357",0,2011-08-26
"358",0,2011-08-27
"359",0,2011-08-28
"360",1,2011-08-29
"361",0,2011-08-30
"362",0,2011-08-31
"363",0,2011-09-01
"364",0,2011-09-02
"365",0,2011-09-03
"366",1,2011-09-04
"367",9,2011-09-05
"368",0,2011-09-06
"369",0,2011-09-07
"370",0,2011-09-08
"371",3,2011-09-09
"372",0,2011-09-10
"373",0,2011-09-11
"374",0,2011-09-12
"375",2,2011-09-13
"376",10,2011-09-14
"377",3,2011-09-15
"378",8,2011-09-16
"379",9,2011-09-17
"380",0,2011-09-18
"381",9,2011-09-19
"382",0,2011-09-20
"383",3,2011-09-21
"384",14,2011-09-22
"385",20,2011-09-23
"386",13,2011-09-24
"387",11,2011-09-25
"388",10,2011-09-26
"389",18,2011-09-27
"390",15,2011-09-28
"391",25,2011-09-29
"392",32,2011-09-30
"393",41,2011-10-01
"394",34,2011-10-02
"395",6,2011-10-03
"396",6,2011-10-04
"397",17,2011-10-05
"398",35,2011-10-06
"399",17,2011-10-07
"400",12,2011-10-08
"401",27,2011-10-09
"402",17,2011-10-10
"403",25,2011-10-11
"404",25,2011-10-12
"405",31,2011-10-13
"406",14,2011-10-14
"407",17,2011-10-15
"408",29,2011-10-16
"409",47,2011-10-17
"410",12,2011-10-18
"411",7,2011-10-19
"412",38,2011-10-20
"413",18,2011-10-21
"414",43,2011-10-22
"415",23,2011-10-23
"416",13,2011-10-24
"417",12,2011-10-25
"418",15,2011-10-26
"419",21,2011-10-27
"420",20,2011-10-28
"421",15,2011-10-29
"422",9,2011-10-30
"423",9,2011-11-01
"424",16,2011-11-02
"425",22,2011-11-03
"426",9,2011-11-04
"427",8,2011-11-05
"428",26,2011-11-06
"429",42,2011-11-07
"430",6,2011-11-08
"431",6,2011-11-09
"432",20,2011-11-10
"433",9,2011-11-11
"434",2,2011-11-12
"435",5,2011-11-13
"436",33,2011-11-14
"437",10,2011-11-15
"438",12,2011-11-16
"439",23,2011-11-17
"440",22,2011-11-18
"441",36,2011-11-19
"442",2,2011-11-20
"443",9,2011-11-22
"444",9,2011-11-23
"445",13,2011-11-24
"446",13,2011-11-25
"447",26,2011-11-26
"448",15,2011-11-27
"449",11,2011-11-28
"450",4,2011-11-29
"451",3,2011-11-30
"452",7,2011-12-01
"453",16,2011-12-02
"454",3,2011-12-03
"455",11,2011-12-04
"456",4,2011-12-05
"457",1,2011-12-06
"458",7,2011-12-07
"459",15,2011-12-08
"460",8,2011-12-09
"461",5,2011-12-10
"462",1,2011-12-11
"463",4,2011-12-12
"464",0,2011-12-14
"465",2,2011-12-15
"466",4,2011-12-16
"467",2,2011-12-17
"468",10,2011-12-18
"469",2,2011-12-19
"470",1,2011-12-20
"471",2,2011-12-21
"472",1,2011-12-22
"473",2,2011-12-23
"474",4,2011-12-24
"475",3,2011-12-25
"476",3,2011-12-26
"477",1,2011-12-27
"478",13,2011-12-28
"479",3,2011-12-29
"480",3,2011-12-30
"481",27,2011-12-31
"482",32,2012-01-01
"483",17,2012-01-02
"484",2,2012-01-03
"485",1,2012-01-04
"486",3,2012-01-05
"487",4,2012-01-06
"488",2,2012-01-07
"489",1,2012-01-08
"490",0,2012-01-09
"491",4,2012-01-10
"492",3,2012-01-11
"493",0,2012-01-12
"494",0,2012-01-13
"495",1,2012-01-14
"496",1,2012-01-15
"497",2,2012-01-16
"498",2,2012-01-17
"499",0,2012-01-18
"500",1,2012-01-19
"501",0,2012-01-20
"502",1,2012-01-21
"503",1,2012-01-22
"504",2,2012-01-23
"505",0,2012-01-24
"506",1,2012-01-25
"507",1,2012-01-26
"508",1,2012-01-27
"509",0,2012-01-28
"510",1,2012-01-29
"511",0,2012-01-30
"512",3,2012-01-31
"513",4,2012-02-01
"514",6,2012-02-02
"515",2,2012-02-03
"516",1,2012-02-04
"517",2,2012-02-05
"518",0,2012-02-06
"519",0,2012-02-07
"520",0,2012-02-08
"521",0,2012-02-09
"522",0,2012-02-10
"523",0,2012-02-11
"524",0,2012-02-12
"525",0,2012-02-13
"526",0,2012-02-14
"527",1,2012-02-15
"528",2,2012-02-16
"529",1,2012-02-17
"530",2,2012-02-18
"531",4,2012-02-19
"532",2,2012-02-20
"533",0,2012-02-21
"534",2,2012-02-22
"535",0,2012-02-23
"536",0,2012-02-24
"537",1,2012-02-25
"538",1,2012-02-26
"539",2,2012-02-27
"540",1,2012-02-28
"541",3,2012-02-29
"542",1,2012-03-01
"543",0,2012-03-02
"544",1,2012-03-03
"545",1,2012-03-04
"546",0,2012-03-05
"547",1,2012-03-06
"548",2,2012-03-07
"549",0,2012-03-08
"550",3,2012-03-09
"551",0,2012-03-10
"552",1,2012-03-11
"553",1,2012-03-12
"554",3,2012-03-13
"555",2,2012-03-14
"556",1,2012-03-15
"557",0,2012-03-16
"558",1,2012-03-17
"559",0,2012-03-18
"560",0,2012-03-19
"561",2,2012-03-20
"562",1,2012-03-21
"563",0,2012-03-22
"564",0,2012-03-23
"565",0,2012-03-24
"566",2,2012-03-25
"567",1,2012-03-26
"568",1,2012-03-27
"569",1,2012-03-28
"570",2,2012-03-29
"571",0,2012-03-30
"572",0,2012-03-31
"573",0,2012-04-01
"574",2,2012-04-02
"575",2,2012-04-03
"576",0,2012-04-04
"577",3,2012-04-05
"578",1,2012-04-06
"579",0,2012-04-07
"580",0,2012-04-08
"581",0,2012-04-09
"582",0,2012-04-10
"583",3,2012-04-11
"584",3,2012-04-12
"585",7,2012-04-13
"586",4,2012-04-14
"587",8,2012-04-15
"588",5,2012-04-16
"589",0,2012-04-17
"590",1,2012-04-18
"591",2,2012-04-19
"592",7,2012-04-20
"593",3,2012-04-21
"594",2,2012-04-22
"595",1,2012-04-23
"596",0,2012-04-24
"597",5,2012-04-25
"598",1,2012-04-26
"599",4,2012-04-27
"600",0,2012-04-28
"601",0,2012-04-29
"602",1,2012-04-30
"603",0,2012-05-02
"604",0,2012-05-03
"605",2,2012-05-04
"606",0,2012-05-05
"607",2,2012-05-06
"608",0,2012-05-07
"609",0,2012-05-08
"610",1,2012-05-09
"611",0,2012-05-10
"612",0,2012-05-11
"613",1,2012-05-12
"614",0,2012-05-13
"615",1,2012-05-14
"616",1,2012-05-15
"617",0,2012-05-16
"618",1,2012-05-17
"619",0,2012-05-18
"620",0,2012-05-19
"621",0,2012-05-20
"622",1,2012-05-21
"623",0,2012-05-22
"624",0,2012-05-23
"625",0,2012-05-24
"626",0,2012-05-25
"627",0,2012-05-26
"628",0,2012-05-27
"629",2,2012-05-28
"630",0,2012-05-29
"631",0,2012-05-30
"632",0,2012-05-31
"633",0,2012-06-01
"634",1,2012-06-02
"635",2,2012-06-03
"636",1,2012-06-04
"637",0,2012-06-05
"638",0,2012-06-06
"639",0,2012-06-07
"640",0,2012-06-08
"641",0,2012-06-09
"642",0,2012-06-10
"643",0,2012-06-11
"644",0,2012-06-12
"645",0,2012-06-13
"646",0,2012-06-14
"647",1,2012-06-15
"648",0,2012-06-16
"649",0,2012-06-17
"650",0,2012-06-18
"651",0,2012-06-19
"652",0,2012-06-20
"653",0,2012-06-21
"654",0,2012-06-22
"655",2,2012-06-23
"656",0,2012-06-24
"657",0,2012-06-25
"658",0,2012-06-26
"659",0,2012-06-27
"660",1,2012-06-28
"661",0,2012-06-29
"662",1,2012-06-30
"663",0,2012-07-01
"664",0,2012-07-02
"665",0,2012-07-03
"666",0,2012-07-04
"667",1,2012-07-05
"668",0,2012-07-06
"669",0,2012-07-07
"670",0,2012-07-08
"671",0,2012-07-09
"672",1,2012-07-10
"673",0,2012-07-11
"674",0,2012-07-12
"675",0,2012-07-13
"676",0,2012-07-14
"677",0,2012-07-15
"678",0,2012-07-16
"679",2,2012-07-18
"680",0,2012-07-19
"681",0,2012-07-20
"682",0,2012-07-21
"683",0,2012-07-22
"684",1,2012-07-23
"685",0,2012-07-24
"686",0,2012-07-25
"687",0,2012-07-26
"688",1,2012-07-27
"689",1,2012-07-29
"690",0,2012-07-30
"691",0,2012-07-31
"692",0,2012-08-01
"693",0,2012-08-02
"694",0,2012-08-03
"695",0,2012-08-04
"696",1,2012-08-05
"697",0,2012-08-06
"698",0,2012-08-07
"699",0,2012-08-08
"700",0,2012-08-09
"701",0,2012-08-10
"702",0,2012-08-11
"703",0,2012-08-12
"704",0,2012-08-13
"705",0,2012-08-14
"706",0,2012-08-15
"707",0,2012-08-16
"708",0,2012-08-17
"709",0,2012-08-18
"710",0,2012-08-19
"711",0,2012-08-20
"712",0,2012-08-21
"713",1,2012-08-22
"714",0,2012-08-23
"715",0,2012-08-24
"716",0,2012-08-25
"717",0,2012-08-26
"718",0,2012-08-27
"719",0,2012-08-28
"720",0,2012-08-29
"721",1,2012-08-30
"722",0,2012-08-31
"723",0,2012-09-01
"724",3,2012-09-02
"725",0,2012-09-03
"726",9,2012-09-04
"727",0,2012-09-05
"728",6,2012-09-06
"729",3,2012-09-07
"730",1,2012-09-08
"731",0,2012-09-09
"732",3,2012-09-10
"733",5,2012-09-11
"734",0,2012-09-12
"735",3,2012-09-13
"736",3,2012-09-14
"737",7,2012-09-15
"738",28,2012-09-16
"739",2,2012-09-17
"740",12,2012-09-18
"741",13,2012-09-19
"742",9,2012-09-20
"743",1,2012-09-21
"744",16,2012-09-22
"745",4,2012-09-23
"746",23,2012-09-24
"747",22,2012-09-25
"748",17,2012-09-26
"749",5,2012-09-27
"750",2,2012-09-28
"751",9,2012-09-29
"752",8,2012-09-30
"753",26,2012-10-01
"754",40,2012-10-02
"755",3,2012-10-03
"756",11,2012-10-04
"757",13,2012-10-05
"758",12,2012-10-06
"759",20,2012-10-07
"760",19,2012-10-08
"761",14,2012-10-09
"762",15,2012-10-10
"763",21,2012-10-11
"764",50,2012-10-12
"765",19,2012-10-13
"766",27,2012-10-14
"767",28,2012-10-15
"768",29,2012-10-16
"769",18,2012-10-17
"770",30,2012-10-18
"771",13,2012-10-19
"772",12,2012-10-20
"773",52,2012-10-21
"774",32,2012-10-22
"775",38,2012-10-23
"776",45,2012-10-24
"777",16,2012-10-25
"778",13,2012-10-26
"779",12,2012-10-27
"780",18,2012-10-28
"781",26,2012-10-29
"782",6,2012-10-30
"783",18,2012-10-31
"784",15,2012-11-01
"785",8,2012-11-02
"786",2,2012-11-03
"787",2,2012-11-04
"788",5,2012-11-05
"789",16,2012-11-06
"790",8,2012-11-07
"791",16,2012-11-08
"792",4,2012-11-09
"793",12,2012-11-10
"794",7,2012-11-11
"795",6,2012-11-12
"796",13,2012-11-13
"797",23,2012-11-14
"798",8,2012-11-15
"799",9,2012-11-16
"800",19,2012-11-17
"801",13,2012-11-18
"802",10,2012-11-19
"803",5,2012-11-20
"804",8,2012-11-21
"805",8,2012-11-22
"806",9,2012-11-23
"807",8,2012-11-24
"808",4,2012-11-25
"809",1,2012-11-26
"810",26,2012-11-27
"811",16,2012-11-28
"812",7,2012-11-29
"813",10,2012-11-30
"814",14,2012-12-01
"815",7,2012-12-02
"816",5,2012-12-06
"817",3,2012-12-07
"818",4,2012-12-08
"819",1,2012-12-09
"820",9,2012-12-11
"821",11,2012-12-12
"822",2,2012-12-13
"823",4,2012-12-14
"824",14,2012-12-15
"825",3,2012-12-16
"826",6,2012-12-18
"827",2,2012-12-19
"828",2,2012-12-20
"829",2,2012-12-21
"830",0,2012-12-22
"831",0,2012-12-23
"832",1,2012-12-25
"833",2,2012-12-26
"834",4,2012-12-27
"835",1,2012-12-28
"836",0,2012-12-29
"837",3,2012-12-30
"838",14,2013-01-01
"839",2,2013-01-02
"840",2,2013-01-03
"841",1,2013-01-04
"842",3,2013-01-05
"843",4,2013-01-06
"844",3,2013-01-07
"845",1,2013-01-08
"846",0,2013-01-09
"847",1,2013-01-10
"848",2,2013-01-11
"849",1,2013-01-12
"850",7,2013-01-13
"851",2,2013-01-14
"852",4,2013-01-15
"853",10,2013-01-16
"854",4,2013-01-17
"855",1,2013-01-18
"856",7,2013-01-19
"857",7,2013-01-20
"858",1,2013-01-21
"859",0,2013-01-22
"860",0,2013-01-23
"861",1,2013-01-24
"862",0,2013-01-25
"863",0,2013-01-26
"864",1,2013-01-27
"865",1,2013-01-28
"866",1,2013-02-05
"867",1,2013-02-06
"868",1,2013-02-07
"869",0,2013-02-08
"870",0,2013-02-09
"871",0,2013-02-10
"872",3,2013-02-11
"873",2,2013-02-12
"874",1,2013-02-13
"875",1,2013-02-14
"876",0,2013-02-15
"877",1,2013-02-16
"878",0,2013-02-17
"879",7,2013-02-18
"880",7,2013-02-19
"881",1,2013-02-20
"882",0,2013-02-21
"883",0,2013-02-22
"884",2,2013-02-23
"885",0,2013-02-24
"886",0,2013-02-25
"887",0,2013-02-26
"888",0,2013-02-27
"889",0,2013-02-28
"890",2,2013-03-01
"891",2,2013-03-02
"892",3,2013-03-03
"893",2,2013-03-04
"894",0,2013-03-05
"895",0,2013-03-06
"896",0,2013-03-07
"897",0,2013-03-08
"898",1,2013-03-09
"899",2,2013-03-10
"900",0,2013-03-12
"901",1,2013-03-13
"902",0,2013-03-14
"903",0,2013-03-15
"904",0,2013-03-16
"905",1,2013-03-17
"906",3,2013-03-18
"907",1,2013-03-19
"908",2,2013-03-20
"909",1,2013-03-21
"910",6,2013-03-22
"911",0,2013-03-23
"912",0,2013-03-24
"913",2,2013-03-25
"914",0,2013-03-26
"915",0,2013-03-27
"916",1,2013-03-28
"917",1,2013-03-29
"918",0,2013-03-30
"919",0,2013-03-31
"920",1,2013-04-01
"921",1,2013-04-02
"922",0,2013-04-03
"923",0,2013-04-04
"924",0,2013-04-05
"925",1,2013-04-06
"926",0,2013-04-07
"927",1,2013-04-08
"928",0,2013-04-09
"929",0,2013-04-10
"930",2,2013-04-11
"931",4,2013-04-12
"932",1,2013-04-13
"933",3,2013-04-14
"934",5,2013-04-15
"935",0,2013-04-16
"936",0,2013-04-17
"937",5,2013-04-18
"938",0,2013-04-19
"939",0,2013-04-20
"940",1,2013-04-21
"941",0,2013-04-22
"942",3,2013-04-23
"943",2,2013-04-24
"944",2,2013-04-25
"945",0,2013-04-26
"946",5,2013-04-27
"947",2,2013-04-28
"948",1,2013-04-29
"949",0,2013-04-30
"950",0,2013-05-01
"951",0,2013-05-02
"952",0,2013-05-03
"953",0,2013-05-04
"954",0,2013-05-05
"955",2,2013-05-06
"956",3,2013-05-07
"957",0,2013-05-08
"958",0,2013-05-09
"959",2,2013-05-10
"960",0,2013-05-11
"961",0,2013-05-12
"962",3,2013-05-13
"963",1,2013-05-14
"964",0,2013-05-15
"965",1,2013-05-16
"966",1,2013-05-17
"967",3,2013-05-18
"968",0,2013-05-19
"969",0,2013-05-20
"970",2,2013-05-21
"971",1,2013-05-22
"972",0,2013-05-23
"973",0,2013-05-24
"974",0,2013-05-25
"975",0,2013-05-26
"976",0,2013-05-27
"977",0,2013-05-28
"978",1,2013-05-29
"979",0,2013-05-30
"980",0,2013-05-31
"981",0,2013-06-01
"982",0,2013-06-02
"983",0,2013-06-03
"984",0,2013-06-04
"985",0,2013-06-05
"986",0,2013-06-06
"987",0,2013-06-07
"988",0,2013-06-08
"989",0,2013-06-09
"990",1,2013-06-10
"991",0,2013-06-11
"992",0,2013-06-12
"993",0,2013-06-13
"994",0,2013-06-14
"995",0,2013-06-15
"996",0,2013-06-16
"997",2,2013-06-17
"998",0,2013-06-18
"999",2,2013-06-19
"1000",0,2013-06-20
"1001",0,2013-06-21
"1002",0,2013-06-22
"1003",0,2013-06-23
"1004",0,2013-06-24
"1005",0,2013-06-25
"1006",0,2013-06-26
"1007",0,2013-06-27
"1008",0,2013-06-28
"1009",0,2013-06-29
"1010",1,2013-06-30
"1011",0,2013-07-01
"1012",1,2013-07-02
"1013",0,2013-07-03
"1014",0,2013-07-04
"1015",0,2013-07-05
"1016",0,2013-07-06
"1017",0,2013-07-07
"1018",0,2013-07-08
"1019",0,2013-07-09
"1020",0,2013-07-10
"1021",0,2013-07-11
"1022",0,2013-07-12
"1023",0,2013-07-13
"1024",0,2013-07-14
"1025",0,2013-07-15
"1026",0,2013-07-16
"1027",0,2013-07-17
"1028",0,2013-07-18
"1029",0,2013-07-19
"1030",1,2013-07-20
"1031",0,2013-07-21
"1032",0,2013-07-22
"1033",0,2013-07-23
"1034",0,2013-07-24
"1035",0,2013-07-25
"1036",0,2013-07-26
"1037",0,2013-07-27
"1038",0,2013-07-28
"1039",0,2013-07-29
"1040",0,2013-07-30
"1041",5,2013-07-31
"1042",2,2013-08-01
"1043",0,2013-08-02
"1044",0,2013-08-03
"1045",2,2013-08-04
"1046",1,2013-08-05
"1047",0,2013-08-06
"1048",0,2013-08-07
"1049",0,2013-08-08
"1050",0,2013-08-09
"1051",0,2013-08-10
"1052",0,2013-08-11
"1053",0,2013-08-12
"1054",0,2013-08-13
"1055",1,2013-08-14
"1056",1,2013-08-15
"1057",0,2013-08-16
"1058",0,2013-08-17
"1059",0,2013-08-18
"1060",3,2013-08-19
"1061",0,2013-08-20
"1062",0,2013-08-21
"1063",0,2013-08-22
"1064",1,2013-08-23
"1065",1,2013-08-24
"1066",5,2013-08-25
"1067",2,2013-08-26
"1068",0,2013-08-27
"1069",0,2013-08-28
"1070",0,2013-08-29
"1071",3,2013-08-30
"1072",0,2013-08-31
"1073",1,2013-09-01
"1074",1,2013-09-02
"1075",0,2013-09-03
"1076",0,2013-09-04
"1077",2,2013-09-05
"1078",0,2013-09-06
"1079",0,2013-09-07
"1080",4,2013-09-08
"1081",6,2013-09-09
"1082",7,2013-09-10
"1083",4,2013-09-11
"1084",4,2013-09-12
"1085",0,2013-09-13
"1086",2,2013-09-14
"1087",3,2013-09-15
"1088",6,2013-09-16
"1089",1,2013-09-17
"1090",0,2013-09-18
"1091",4,2013-09-19
"1092",0,2013-09-20
"1093",0,2013-09-21
"1094",2,2013-09-22
"1095",9,2013-09-23
"1096",12,2013-09-24
"1097",8,2013-09-25
"1098",5,2013-09-26
"1099",1,2013-09-27
"1100",0,2013-09-28
"1101",12,2013-09-29
"1102",7,2013-09-30
"1103",6,2013-10-01
"1104",5,2013-10-02
"1105",16,2013-10-03
"1106",6,2013-10-04
"1107",3,2013-10-05
"1108",2,2013-10-06
"1109",17,2013-10-07
"1110",20,2013-10-08
"1111",6,2013-10-09
"1112",2,2013-10-10
"1113",11,2013-10-11
"1114",5,2013-10-12
"1115",4,2013-10-13
"1116",13,2013-10-14
"1117",51,2013-10-15
"1118",3,2013-10-16
"1119",38,2013-10-17
"1120",23,2013-10-18
"1121",12,2013-10-19
"1122",15,2013-10-20
"1123",3,2013-10-21
"1124",14,2013-10-22
"1125",25,2013-10-23
"1126",30,2013-10-24
"1127",20,2013-10-25
"1128",12,2013-10-26
"1129",26,2013-10-27
"1130",15,2013-10-28
"1131",7,2013-10-29
"1132",14,2013-10-30
"1133",21,2013-10-31
"1134",18,2013-11-01
"1135",9,2013-11-02
"1136",9,2013-11-03
"1137",13,2013-11-04
"1138",30,2013-11-05
"1139",6,2013-11-06
"1140",13,2013-11-07
"1141",13,2013-11-08
"1142",6,2013-11-09
"1143",12,2013-11-10
"1144",25,2013-11-11
"1145",42,2013-11-12
"1146",13,2013-11-13
"1147",14,2013-11-14
"1148",10,2013-11-15
"1149",1,2013-11-16
"1150",6,2013-11-17
"1151",8,2013-11-18
"1152",7,2013-11-19
"1153",5,2013-11-20
"1154",10,2013-11-21
"1155",11,2013-11-22
"1156",16,2013-11-23
"1157",11,2013-11-24
"1158",3,2013-11-25
"1159",21,2013-11-26
"1160",17,2013-11-27
"1161",14,2013-11-28
"1162",19,2013-11-29
"1163",14,2013-11-30
"1164",15,2013-12-01
"1165",4,2013-12-02
"1166",1,2013-12-03
"1167",12,2013-12-04
"1168",15,2013-12-05
"1169",14,2013-12-06
"1170",18,2013-12-07
"1171",11,2013-12-08
"1172",17,2013-12-09
"1173",18,2013-12-10
"1174",20,2013-12-11
"1175",4,2013-12-12
"1176",10,2013-12-13
"1177",1,2013-12-14
"1178",0,2013-12-15
"1179",8,2013-12-16
"1180",17,2013-12-17
"1181",30,2013-12-18
"1182",5,2013-12-19
"1183",7,2013-12-20
"1184",4,2013-12-21
"1185",8,2013-12-22
"1186",11,2013-12-23
"1187",3,2013-12-24
"1188",3,2013-12-25
"1189",4,2013-12-26
"1190",0,2013-12-27
"1191",3,2013-12-28
"1192",1,2013-12-29
"1193",1,2013-12-30
"1194",16,2013-12-31
"1195",5,2014-01-01
"1196",6,2014-01-02
"1197",1,2014-01-03
"1198",5,2014-01-04
"1199",3,2014-01-05
"1200",0,2014-01-06
"1201",0,2014-01-07
"1202",4,2014-01-08
"1203",1,2014-01-09
"1204",1,2014-01-10
"1205",3,2014-01-11
"1206",0,2014-01-12
"1207",1,2014-01-13
"1208",1,2014-01-14
"1209",2,2014-01-15
"1210",0,2014-01-16
"1211",3,2014-01-17
"1212",0,2014-01-18
"1213",4,2014-01-19
"1214",3,2014-01-20
"1215",11,2014-01-21
"1216",0,2014-01-22
"1217",2,2014-01-23
"1218",4,2014-01-24
"1219",4,2014-01-25
"1220",2,2014-01-26
"1221",0,2014-01-27
"1222",1,2014-01-28
"1223",8,2014-01-29
"1224",3,2014-01-30
"1225",2,2014-01-31
"1226",1,2014-02-01
"1227",6,2014-02-02
"1228",1,2014-02-03
"1229",1,2014-02-04
"1230",2,2014-02-05
"1231",1,2014-02-06
"1232",1,2014-02-07
"1233",0,2014-02-08
"1234",1,2014-02-09
"1235",2,2014-02-10
"1236",3,2014-02-11
"1237",0,2014-02-12
"1238",3,2014-02-13
"1239",2,2014-02-14
"1240",2,2014-02-15
"1241",2,2014-02-16
"1242",0,2014-02-17
"1243",0,2014-02-18
"1244",0,2014-02-19
"1245",0,2014-02-20
"1246",2,2014-02-21
"1247",1,2014-02-22
"1248",0,2014-02-23
"1249",0,2014-02-24
"1250",2,2014-02-25
"1251",3,2014-02-26
"1252",0,2014-02-27
"1253",1,2014-02-28
"1254",1,2014-03-01
"1255",0,2014-03-02
"1256",1,2014-03-03
"1257",0,2014-03-04
"1258",1,2014-03-05
"1259",3,2014-03-06
"1260",0,2014-03-07
"1261",0,2014-03-08
"1262",0,2014-03-09
"1263",0,2014-03-10
"1264",0,2014-03-11
"1265",1,2014-03-12
"1266",0,2014-03-13
"1267",3,2014-03-14
"1268",0,2014-03-15
"1269",1,2014-03-16
"1270",0,2014-03-17
"1271",0,2014-03-18
"1272",0,2014-03-19
"1273",0,2014-03-20
"1274",0,2014-03-21
"1275",1,2014-03-22
"1276",0,2014-03-23
"1277",0,2014-03-24
"1278",0,2014-03-25
"1279",0,2014-03-26
"1280",0,2014-03-27
"1281",0,2014-03-28
"1282",0,2014-03-29
"1283",1,2014-03-30
"1284",0,2014-03-31
"1285",0,2014-04-01
"1286",0,2014-04-02
"1287",1,2014-04-03
"1288",0,2014-04-04
"1289",0,2014-04-05
"1290",4,2014-04-06
"1291",10,2014-04-07
"1292",1,2014-04-08
"1293",1,2014-04-09
"1294",7,2014-04-10
"1295",1,2014-04-11
"1296",6,2014-04-12
"1297",0,2014-04-13
"1298",1,2014-04-14
"1299",0,2014-04-15
"1300",2,2014-04-16
"1301",0,2014-04-17
"1302",1,2014-04-18
"1303",0,2014-04-19
"1304",0,2014-04-20
"1305",0,2014-04-21
"1306",0,2014-04-22
"1307",0,2014-04-23
"1308",0,2014-04-24
"1309",1,2014-04-25
"1310",0,2014-04-26
"1311",0,2014-04-27
"1312",1,2014-04-28
"1313",0,2014-04-29
"1314",0,2014-04-30
"1315",1,2014-05-01
"1316",1,2014-05-02
"1317",0,2014-05-03
"1318",1,2014-05-04
"1319",0,2014-05-05
"1320",2,2014-05-06
"1321",0,2014-05-07
"1322",0,2014-05-08
"1323",2,2014-05-09
"1324",1,2014-05-10
"1325",3,2014-05-11
"1326",0,2014-05-12
"1327",0,2014-05-13
"1328",0,2014-05-14
"1329",0,2014-05-15
"1330",1,2014-05-16
"1331",0,2014-05-17
"1332",3,2014-05-18
"1333",1,2014-05-19
"1334",1,2014-05-20
"1335",0,2014-05-21
"1336",0,2014-05-22
"1337",3,2014-05-23
"1338",2,2014-05-24
"1339",0,2014-05-25
"1340",0,2014-05-26
"1341",1,2014-05-27
"1342",0,2014-05-28
"1343",0,2014-05-29
"1344",1,2014-05-30
"1345",0,2014-05-31
"1346",0,2014-06-01
"1347",0,2014-06-02
"1348",0,2014-06-03
"1349",0,2014-06-04
"1350",0,2014-06-05
"1351",0,2014-06-06
"1352",1,2014-06-07
"1353",1,2014-06-08
"1354",0,2014-06-09
"1355",0,2014-06-10
"1356",0,2014-06-11
"1357",0,2014-06-12
"1358",0,2014-06-13
"1359",0,2014-06-14
"1360",0,2014-06-15
"1361",0,2014-06-16
"1362",0,2014-06-17
"1363",0,2014-06-18
"1364",0,2014-06-19
"1365",0,2014-06-20
"1366",0,2014-06-21
"1367",1,2014-06-22
"1368",0,2014-06-23
"1369",0,2014-06-24
"1370",0,2014-06-25
"1371",0,2014-06-26
"1372",0,2014-06-27
"1373",0,2014-06-28
"1374",0,2014-06-29
"1375",0,2014-06-30
"1376",0,2014-07-01
"1377",0,2014-07-02
"1378",0,2014-07-03
"1379",0,2014-07-04
"1380",0,2014-07-05
"1381",0,2014-07-06
"1382",0,2014-07-07
"1383",1,2014-07-08
"1384",0,2014-07-09
"1385",0,2014-07-10
"1386",0,2014-07-11
"1387",0,2014-07-12
"1388",0,2014-07-13
"1389",0,2014-07-15
"1390",0,2014-07-16
"1391",0,2014-07-17
"1392",0,2014-07-18
"1393",0,2014-07-19
"1394",0,2014-07-20
"1395",0,2014-07-21
"1396",1,2014-07-22
"1397",1,2014-07-23
"1398",0,2014-07-24
"1399",0,2014-07-25
"1400",0,2014-07-26
"1401",1,2014-07-27
"1402",0,2014-07-28
"1403",0,2014-07-29
"1404",1,2014-07-30
"1405",0,2014-07-31
"1406",0,2014-08-01
"1407",0,2014-08-02
"1408",0,2014-08-03
"1409",0,2014-08-04
"1410",0,2014-08-05
"1411",0,2014-08-06
"1412",0,2014-08-07
"1413",0,2014-08-08
"1414",4,2014-08-09
"1415",0,2014-08-10
"1416",0,2014-08-11
"1417",0,2014-08-12
"1418",12,2014-08-13
"1419",1,2014-08-14
"1420",0,2014-08-15
"1421",0,2014-08-16
"1422",0,2014-08-17
"1423",0,2014-08-18
"1424",0,2014-08-19
"1425",0,2014-08-20
"1426",0,2014-08-21
"1427",0,2014-08-22
"1428",0,2014-08-23
"1429",0,2014-08-24
"1430",0,2014-08-25
"1431",0,2014-08-26
"1432",0,2014-08-27
"1433",0,2014-08-28
"1434",1,2014-08-29
"1435",2,2014-08-30
"1436",0,2014-08-31
"1437",0,2014-09-01
"1438",7,2014-09-02
"1439",4,2014-09-03
"1440",4,2014-09-04
"1441",1,2014-09-05
"1442",0,2014-09-06
"1443",15,2014-09-07
"1444",2,2014-09-08
"1445",2,2014-09-09
"1446",0,2014-09-10
"1447",0,2014-09-11
"1448",4,2014-09-12
"1449",1,2014-09-13
"1450",1,2014-09-14
"1451",4,2014-09-15
"1452",6,2014-09-16
"1453",1,2014-09-17
"1454",1,2014-09-18
"1455",1,2014-09-19
"1456",8,2014-09-20
"1457",14,2014-09-21
"1458",22,2014-09-22
"1459",2,2014-09-23
"1460",8,2014-09-24
"1461",3,2014-09-25
"1462",1,2014-09-26
"1463",4,2014-09-27
"1464",0,2014-09-28
"1465",0,2014-09-29
"1466",10,2014-09-30
"1467",10,2014-10-01
"1468",11,2014-10-02
"1469",3,2014-10-03
"1470",8,2014-10-04
"1471",14,2014-10-05
"1472",1,2014-10-06
"1473",7,2014-10-07
"1474",11,2014-10-08
"1475",1,2014-10-09
"1476",10,2014-10-10
"1477",14,2014-10-11
"1478",16,2014-10-12
"1479",13,2014-10-13
"1480",41,2014-10-14
"1481",4,2014-10-15
"1482",2,2014-10-16
"1483",8,2014-10-17
"1484",13,2014-10-18
"1485",8,2014-10-19
"1486",5,2014-10-20
"1487",32,2014-10-21
"1488",2,2014-10-22
"1489",17,2014-10-23
"1490",9,2014-10-24
"1491",17,2014-10-25
"1492",10,2014-10-26
"1493",6,2014-10-27
"1494",11,2014-10-28
"1495",6,2014-10-29
"1496",0,2014-10-30
"1497",12,2014-10-31
"1498",3,2014-11-01
"1499",9,2014-11-02
"1500",0,2014-11-03
"1501",3,2014-11-04
"1502",9,2014-11-05
"1503",19,2014-11-06
"1504",2,2014-11-07
"1505",3,2014-11-08
"1506",9,2014-11-09
"1507",2,2014-11-10
"1508",4,2014-11-11
"1509",1,2014-11-12
"1510",0,2014-11-13
"1511",0,2014-11-14
"1512",0,2014-11-15
"1513",6,2014-11-16
"1514",10,2014-11-17
"1515",2,2014-11-18
"1516",6,2014-11-19
"1517",3,2014-11-20
"1518",3,2014-11-21
"1519",5,2014-11-22
"1520",4,2014-11-23
"1521",7,2014-11-24
"1522",17,2014-11-25
"1523",4,2014-11-26
"1524",1,2014-11-27
"1525",4,2014-11-28
"1526",7,2014-11-29
"1527",10,2014-11-30
"1528",10,2014-12-01
"1529",15,2014-12-02
"1530",4,2014-12-03
"1531",13,2014-12-04
"1532",8,2014-12-05
"1533",9,2014-12-06
"1534",2,2014-12-07
"1535",2,2014-12-08
"1536",16,2014-12-09
"1537",3,2014-12-10
"1538",5,2014-12-11
"1539",6,2014-12-12
"1540",0,2014-12-13
"1541",4,2014-12-14
"1542",4,2014-12-15
"1543",2,2014-12-16
"1544",2,2014-12-17
"1545",3,2014-12-18
"1546",2,2014-12-19
"1547",1,2014-12-20
"1548",10,2014-12-22
"1549",2,2014-12-23
"1550",0,2014-12-24
"1551",1,2014-12-25
"1552",1,2014-12-26
"1553",0,2014-12-27
"1554",0,2014-12-28
"1555",2,2014-12-29
"1556",2,2014-12-30
"1557",0,2014-12-31
"1558",0,2015-01-01
"1559",1,2015-01-02
"1560",3,2015-01-03
"1561",1,2015-01-04
"1562",1,2015-01-05
"1563",2,2015-01-06
"1564",2,2015-01-07
"1565",2,2015-01-08
"1566",1,2015-01-09
"1567",1,2015-01-10
"1568",1,2015-01-11
"1569",5,2015-01-12
"1570",0,2015-01-13
"1571",0,2015-01-14
"1572",1,2015-01-15
"1573",0,2015-01-16
"1574",0,2015-01-17
"1575",1,2015-01-18
"1576",0,2015-03-17
"1577",0,2015-04-28
"1578",0,2015-04-29
"1579",0,2015-04-30
"1580",0,2015-05-01
"1581",0,2015-05-02
"1582",0,2015-05-03
"1583",0,2015-05-04
"1584",0,2015-05-05
"1585",0,2015-05-06
"1586",0,2015-05-07
"1587",0,2015-05-08
"1588",0,2015-05-09
"1589",0,2015-05-10
"1590",0,2015-05-11
"1591",0,2015-05-12
"1592",0,2015-05-13
"1593",0,2015-05-14
"1594",0,2015-05-15
"1595",0,2015-05-16
"1596",0,2015-05-17
"1597",0,2015-05-18
"1598",0,2015-05-19
"1599",0,2015-05-20
"1600",0,2015-05-21
"1601",1,2015-05-22
"1602",0,2015-05-23
"1603",0,2015-05-24
"1604",1,2015-05-25
"1605",0,2015-05-26
"1606",0,2015-05-27
"1607",1,2015-05-28
"1608",0,2015-05-29
"1609",0,2015-05-30
"1610",0,2015-05-31
"1611",0,2018-09-11
"1612",5,2018-09-12
"1613",3,2018-09-13
"1614",0,2018-09-14
"1615",0,2018-09-15
"1616",17,2018-09-16
"1617",4,2018-09-17
"1618",1,2018-09-18
"1619",2,2018-09-19
"1620",17,2018-09-20
"1621",10,2018-09-21
"1622",4,2018-09-22
"1623",36,2018-09-23
"1624",130,2018-09-24
"1625",11,2018-09-25
"1626",20,2018-09-26
"1627",7,2018-09-27
"1628",3,2018-09-28
"1629",14,2018-09-29
"1630",52,2018-09-30
"1631",44,2018-10-01
"1632",5,2018-10-02
"1633",49,2018-10-03
"1634",58,2018-10-04
"1635",124,2018-10-05
"1636",48,2018-10-06
"1637",71,2018-10-07
"1638",80,2018-10-08
"1639",48,2018-10-09
"1640",33,2018-10-10
"1641",72,2018-10-11
"1642",87,2018-10-12
"1643",80,2018-10-13
"1644",73,2018-10-14
"1645",31,2018-10-15
"1646",61,2018-10-16
"1647",49,2018-10-17
"1648",39,2018-10-18
"1649",38,2018-10-19
"1650",35,2018-10-20
"1651",35,2018-10-21
"1652",11,2018-10-22
"1653",113,2018-10-23
"1654",76,2018-10-24
"1655",56,2018-10-25
"1656",21,2018-10-26
"1657",39,2018-10-27
"1658",80,2018-10-28
"1659",14,2018-10-29
"1660",24,2018-10-30
"1661",39,2018-10-31
"1662",33,2018-11-01
"1663",41,2018-11-02
"1664",41,2018-11-03
"1665",47,2018-11-04
"1666",12,2018-11-05
"1667",0,2018-11-06
"1668",21,2018-11-07
"1669",4,2018-11-08
"1670",16,2018-11-09
"1671",17,2018-11-10
"1672",33,2018-11-11
"1673",5,2018-11-12
"1674",0,2018-11-13
"1675",21,2018-11-14
"1676",19,2018-11-15
"1677",33,2018-11-16
"1678",46,2018-11-17
"1679",21,2018-11-18
"1680",54,2018-11-19
"1681",14,2018-11-20
"1682",20,2018-11-21
"1683",10,2018-11-22
"1684",7,2018-11-23
"1685",25,2018-11-24
"1686",18,2018-11-25
"1687",29,2018-11-26
"1688",5,2018-11-27
"1689",8,2018-11-28
"1690",23,2018-11-29
"1691",13,2018-11-30
"1692",34,2018-12-01
"1693",4,2018-12-02
"1694",5,2018-12-03
"1695",5,2018-12-04
"1696",0,2018-12-05
"1697",7,2018-12-06
"1698",3,2018-12-07
"1699",5,2018-12-08
"1700",8,2018-12-09
"1701",4,2018-12-10
"1702",8,2018-12-11
"1703",8,2018-12-12
"1704",6,2018-12-13
"1705",3,2018-12-14
"1706",2,2018-12-15
"1707",2,2018-12-16
"1708",2,2018-12-17
"1709",9,2018-12-18
"1710",10,2018-12-19
"1711",10,2018-12-20
"1712",9,2018-12-21
"1713",8,2018-12-22
"1714",0,2018-12-23
"1715",9,2018-12-24
"1716",0,2018-12-25
"1717",0,2018-12-26
"1718",3,2018-12-27
"1719",4,2018-12-28
"1720",5,2018-12-29
"1721",4,2018-12-30
"1722",4,2018-12-31
"1723",2,2019-01-01
"1724",0,2019-01-02
"1725",0,2019-01-03
"1726",0,2019-01-04
"1727",0,2019-01-05
"1728",0,2019-01-06
"1729",0,2019-01-07
"1730",2,2019-01-08
"1731",0,2019-01-09
"1732",2,2019-01-10
"1733",0,2019-01-11
"1734",2,2019-01-12
"1735",4,2019-01-13
"1736",2,2019-01-14
"1737",4,2019-01-15
"1738",7,2019-01-16
"1739",0,2019-01-17
"1740",0,2019-01-18
"1741",8,2019-01-19
"1742",3,2019-01-20
"1743",3,2019-01-21
"1744",3,2019-01-22
"1745",0,2019-01-23
"1746",2,2019-01-24
"1747",0,2019-01-25
"1748",0,2019-01-26
"1749",0,2019-01-27
"1750",3,2019-01-28
"1751",2,2019-01-29
"1752",3,2019-01-30
"1753",5,2019-01-31
"1754",0,2019-02-01
"1755",0,2019-02-02
"1756",0,2019-02-03
"1757",14,2019-02-04
"1758",5,2019-02-05
"1759",3,2019-02-06
"1760",4,2019-02-07
"1761",2,2019-02-08
"1762",0,2019-02-09
"1763",0,2019-02-10
"1764",0,2019-02-11
"1765",0,2019-02-12
"1766",2,2019-02-13
"1767",2,2019-02-14
"1768",4,2019-02-15
"1769",2,2019-02-16
"1770",0,2019-02-17
"1771",5,2019-02-18
"1772",0,2019-02-19
"1773",2,2019-02-20
"1774",2,2019-02-21
"1775",0,2019-02-22
"1776",2,2019-02-23
"1777",2,2019-02-24
"1778",4,2019-02-25
"1779",0,2019-02-26
"1780",0,2019-02-27
"1781",0,2019-02-28
"1782",2,2019-03-01
"1783",3,2019-03-02
"1784",0,2019-03-03
"1785",0,2019-03-04
"1786",0,2019-03-05
"1787",0,2019-03-06
"1788",0,2019-03-07
"1789",0,2019-03-08
"1790",0,2019-03-09
"1791",0,2019-03-10
"1792",0,2019-03-11
"1793",2,2019-03-12
"1794",6,2019-03-13
"1795",0,2019-03-14
"1796",1,2019-03-15
"1797",0,2019-03-16
"1798",0,2019-03-17
"1799",0,2019-03-18
"1800",0,2019-03-19
"1801",1,2019-03-20
"1802",0,2019-03-21
"1803",1,2019-03-22
"1804",1,2019-03-23
"1805",4,2019-03-24
"1806",1,2019-03-25
"1807",1,2019-03-26
"1808",0,2019-03-27
"1809",1,2019-03-28
"1810",0,2019-03-29
"1811",0,2019-03-30
"1812",0,2019-03-31
"1813",1,2019-04-01
"1814",0,2019-04-02
"1815",0,2019-04-03
"1816",0,2019-04-04
"1817",0,2019-04-05
"1818",0,2019-04-06
"1819",0,2019-04-07
"1820",0,2019-04-08
"1821",0,2019-04-09
"1822",0,2019-04-10
"1823",0,2019-04-11
"1824",2,2019-04-12
"1825",0,2019-04-13
"1826",0,2019-04-14
"1827",0,2019-04-15
"1828",0,2019-04-16
"1829",0,2019-04-17
"1830",0,2019-04-18
"1831",0,2019-04-19
"1832",0,2019-04-20
"1833",0,2019-04-21
"1834",0,2019-04-22
"1835",0,2019-04-23
"1836",0,2019-04-24
"1837",0,2019-04-25
"1838",0,2019-04-26
"1839",2,2019-04-27
"1840",0,2019-04-28
"1841",2,2019-04-29
"1842",0,2019-04-30
"1843",1,2019-05-01
"1844",0,2019-05-02
"1845",0,2019-05-03
"1846",0,2019-05-04
"1847",0,2019-05-05
"1848",0,2019-05-06
"1849",1,2019-05-07
"1850",0,2019-05-08
"1851",2,2019-05-09
"1852",0,2019-05-10
"1853",1,2019-05-11
"1854",2,2019-05-12
"1855",1,2019-05-13
"1856",0,2019-05-14
"1857",0,2019-05-15
"1858",0,2019-05-16
"1859",2,2019-05-17
"1860",1,2019-05-18
"1861",2,2019-05-19
"1862",0,2019-05-20
"1863",0,2019-05-21
"1864",0,2019-05-22
"1865",0,2019-05-23
"1866",0,2019-05-24
"1867",2,2019-05-25
"1868",1,2019-05-26
"1869",0,2019-05-27
"1870",1,2019-05-28
"1871",3,2019-05-29
"1872",1,2019-05-30
"1873",0,2019-05-31
"1874",1,2019-06-01
"1875",2,2019-06-02
"1876",0,2019-06-03
"1877",0,2019-06-04
"1878",0,2019-06-05
"1879",0,2019-06-06
"1880",0,2019-06-07
"1881",1,2019-06-08
"1882",0,2019-06-09
"1883",0,2019-06-10
"1884",0,2019-06-11
"1885",0,2019-06-12
"1886",0,2019-06-13
"1887",0,2019-06-14
"1888",0,2019-06-15
"1889",0,2019-06-16
"1890",0,2019-06-17
"1891",0,2019-06-18
"1892",0,2019-06-19
"1893",0,2019-06-20
"1894",0,2019-06-21
"1895",0,2019-06-22
"1896",1,2019-06-23
"1897",0,2019-06-24
"1898",0,2019-06-25
"1899",0,2019-06-26
"1900",0,2019-06-27
"1901",0,2019-06-28
"1902",0,2019-06-29
"1903",0,2019-06-30
"1904",0,2019-07-01
"1905",0,2019-07-02
"1906",0,2019-07-03
"1907",0,2019-07-04
"1908",0,2019-07-05
"1909",0,2019-07-06
"1910",0,2019-07-07
"1911",0,2019-07-08
"1912",0,2019-07-09
"1913",0,2019-07-10
"1914",0,2019-07-11
"1915",0,2019-07-12
"1916",0,2019-07-13
"1917",0,2019-07-14
"1918",0,2019-07-15
"1919",0,2019-07-16
"1920",0,2019-07-17
"1921",0,2019-07-18
"1922",0,2019-07-19
"1923",0,2019-07-20
"1924",2,2019-07-21
"1925",0,2019-07-22
"1926",1,2019-07-23
"1927",0,2019-07-24
"1928",0,2019-07-25
"1929",0,2019-07-26
"1930",0,2019-07-27
"1931",0,2019-07-28
"1932",0,2019-07-29
"1933",0,2019-07-30
"1934",0,2019-07-31
"1935",1,2019-08-01
"1936",0,2019-08-02
"1937",0,2019-08-03
"1938",3,2019-08-04
"1939",2,2019-08-05
"1940",0,2019-08-06
"1941",1,2019-08-07
"1942",0,2019-08-08
"1943",0,2019-08-09
"1944",0,2019-08-10
"1945",0,2019-08-11
"1946",0,2019-08-12
"1947",0,2019-08-13
"1948",1,2019-08-14
"1949",1,2019-08-15
"1950",0,2019-08-16
"1951",0,2019-08-17
"1952",6,2019-08-18
"1953",0,2019-08-19
"1954",0,2019-08-20
"1955",0,2019-08-21
"1956",1,2019-08-22
"1957",5,2019-08-23
"1958",17,2019-08-24
"1959",0,2019-08-25
"1960",1,2019-08-26
"1961",0,2019-08-27
"1962",0,2019-08-28
"1963",0,2019-08-29
"1964",0,2019-08-30
"1965",0,2019-08-31
"1966",0,2019-09-01
"1967",0,2019-09-02
"1968",0,2019-09-03
"1969",0,2019-09-04
"1970",0,2019-09-05
"1971",0,2019-09-06
"1972",0,2019-09-07
"1973",0,2019-09-08
"1974",0,2019-09-09
"1975",0,2019-08-12
"1976",1,2019-08-13
"1977",0,2019-08-14
"1978",0,2019-08-15
"1979",0,2019-08-16
"1980",6,2019-08-17
"1981",1,2019-08-18
"1982",0,2019-08-19
"1983",0,2019-08-20
"1984",0,2019-08-21
"1985",5,2019-08-22
"1986",1,2019-08-23
"1987",0,2019-08-24
"1988",1,2019-08-25
"1989",1,2019-08-26
"1990",0,2019-08-27
"1991",0,2019-08-28
"1992",0,2019-08-29
"1993",0,2019-08-30
"1994",0,2019-08-31
"1995",0,2019-09-01
"1996",1,2019-09-02
"1997",8,2019-09-03
"1998",5,2019-09-04
"1999",4,2019-09-05
"2000",0,2019-09-06
"2001",3,2019-09-07
"2002",4,2019-09-08
"2003",8,2019-09-09
"2004",6,2019-09-10
"2005",4,2019-09-11
"2006",1,2019-09-12
"2007",7,2019-09-13
"2008",0,2019-09-14
"2009",3,2019-09-15
"2010",26,2019-09-16
"2011",7,2019-09-17
"2012",14,2019-09-18
"2013",16,2019-09-19
"2014",7,2019-09-20
"2015",2,2019-09-21
"2016",7,2019-09-22
"2017",10,2019-09-23
"2018",4,2019-09-24
"2019",14,2019-09-25
"2020",11,2019-09-26
"2021",13,2019-09-27
"2022",26,2019-09-28
"2023",1,2019-09-29
"2024",0,2019-09-30
"2025",10,2019-10-01
"2026",34,2019-10-02
"2027",22,2019-10-03
"2028",6,2019-10-04
"2029",17,2019-10-05
"2030",18,2019-10-06
"2031",50,2019-10-07
"2032",15,2019-10-08
"2033",9,2019-10-09
"2034",11,2019-10-10
"2035",13,2019-10-11
"2036",6,2019-10-12
"2037",22,2019-10-13
"2038",35,2019-10-14
"2039",12,2019-10-15
"2040",10,2019-10-16
"2041",15,2019-10-17
"2042",17,2019-10-18
"2043",17,2019-10-19
"2044",21,2019-10-20
"2045",10,2019-10-21
"2046",14,2019-10-22
"2047",17,2019-10-23
"2048",5,2019-10-24
"2049",0,2019-10-25
"2050",1,2019-10-26
"2051",2,2019-10-27
"2052",1,2019-10-28
"2053",1,2019-10-29
"2054",0,2019-10-30
"2055",0,2019-10-31
"2056",0,2019-11-01
"2057",0,2019-11-02
"2058",0,2019-11-03
"2059",NA,2019-11-04
"2060",NA,2019-11-05
"2061",NA,2019-11-06
"2062",NA,2019-11-07
"2063",NA,2019-11-08
"2064",NA,2019-11-09
"2065",NA,2019-11-10
"2066",NA,2019-11-11
"2067",NA,2019-11-12
"2068",NA,2019-11-13
"2069",NA,2019-11-14
"2070",NA,2019-11-15
"2071",NA,2019-11-16
"2072",NA,2019-11-17
"2073",NA,2019-11-18
"2074",NA,2019-11-19
"2075",NA,2019-11-20
"2076",NA,2019-11-21
"2077",NA,2019-11-22
"2078",NA,2019-11-23
"2079",NA,2019-11-24
"2080",0,2019-11-25
"2081",0,2019-11-26
"2082",0,2019-11-27
"2083",0,2019-11-28
"2084",0,2019-11-29
"2085",5,2019-11-30
"2086",1,2019-12-01
"2087",1,2019-12-02
"2088",4,2019-12-03
"2089",0,2019-12-04
"2090",14,2019-12-05
"2091",4,2019-12-06
"2092",10,2019-12-07
"2093",3,2019-12-08
"2094",10,2019-12-09
"2095",4,2019-12-10
"2096",11,2019-12-11
"2097",11,2019-12-12
"2098",6,2019-12-13
"2099",0,2019-12-14
"2100",9,2019-12-15
"2101",3,2019-12-16
"2102",1,2019-12-17
"2103",1,2019-12-18
"2104",0,2019-12-19
"2105",3,2019-12-20
"2106",0,2019-12-21
"2107",3,2019-12-22
"2108",0,2019-12-23
"2109",2,2019-12-24
"2110",5,2019-12-25
"2111",0,2019-12-26
"2112",4,2019-12-27
"2113",6,2019-12-28
"2114",1,2019-12-29
"2115",0,2019-12-30
"2116",0,2019-12-31
"2117",6,2020-01-01
"2118",5,2020-01-02
"2119",4,2020-01-03
"2120",2,2020-01-04
"2121",0,2020-01-05
"2122",6,2020-01-06
"2123",5,2020-01-07
"2124",1,2020-01-08
"2125",5,2020-01-09
"2126",0,2020-01-10
"2127",0,2020-01-11
"2128",4,2020-01-12
"2129",0,2020-01-13
"2130",1,2020-01-14
"2131",0,2020-01-15
"2132",0,2020-01-16
"2133",0,2020-01-17
"2134",0,2020-01-18
"2135",0,2020-01-19
"2136",11,2020-01-20
"2137",7,2020-01-21
"2138",5,2020-01-22
"2139",1,2020-01-23
"2140",0,2020-01-24
"2141",11,2020-01-25
"2142",0,2020-01-26
"2143",0,2020-01-27
"2144",3,2020-01-28
"2145",1,2020-01-29
"2146",1,2020-01-30
"2147",2,2020-01-31
"2148",0,2020-02-01
"2149",4,2020-02-02
"2150",0,2020-02-03
"2151",0,2020-02-04
"2152",0,2020-02-05
"2153",0,2020-02-06
"2154",0,2020-02-07
"2155",0,2020-02-08
"2156",0,2020-02-09
