File Name;Dataset;aid;Date;Count;Minimum;Maximum;Range;Mean;Standard Deviation;Variance;Upper Quartile;Upper 1.5 IQR;Median;Lower 1.5 IQR;Lower Quartile
MOD13Q1_006__250m_16_days_EVI_doy2010017_aid0001;_250m_16_days_EVI;aid0001;2010-01-17;593.0;-0.0411;0.5263;(-0.0411,0.5263);0.1579;0.0966;0.0093;0.2216;0.4022;0.1426;-0.0411;0.0897
MOD13Q1_006__250m_16_days_EVI_doy2010033_aid0001;_250m_16_days_EVI;aid0001;2010-02-02;602.0;-0.0113;0.5162;(-0.0113,0.5162);0.153;0.0934;0.0087;0.2141;0.4021;0.1353;-0.0113;0.0843
MOD13Q1_006__250m_16_days_EVI_doy2010049_aid0001;_250m_16_days_EVI;aid0001;2010-02-18;607.0;-0.0424;0.5588;(-0.0424,0.5588);0.1492;0.0954;0.0091;0.214;0.3907;0.1348;-0.0424;0.0792
MOD13Q1_006__250m_16_days_EVI_doy2010065_aid0001;_250m_16_days_EVI;aid0001;2010-03-06;607.0;-0.0271;0.5562;(-0.0271,0.5562);0.1485;0.0936;0.0088;0.2102;0.4014;0.1355;-0.0271;0.076
MOD13Q1_006__250m_16_days_EVI_doy2010081_aid0001;_250m_16_days_EVI;aid0001;2010-03-22;607.0;-0.0207;0.5446;(-0.0207,0.5446);0.1476;0.0955;0.0091;0.2008;0.3788;0.124;-0.0207;0.081
MOD13Q1_006__250m_16_days_EVI_doy2010097_aid0001;_250m_16_days_EVI;aid0001;2010-04-07;607.0;-0.0295;0.5492;(-0.0295,0.5492);0.1483;0.0967;0.0093;0.2087;0.4044;0.1325;-0.0295;0.0772
MOD13Q1_006__250m_16_days_EVI_doy2010113_aid0001;_250m_16_days_EVI;aid0001;2010-04-23;599.0;-0.0168;0.5457;(-0.0168,0.5457);0.1529;0.0951;0.009;0.211;0.4023;0.1424;-0.0168;0.0828
MOD13Q1_006__250m_16_days_EVI_doy2010129_aid0001;_250m_16_days_EVI;aid0001;2010-05-09;603.0;-0.0832;0.6464;(-0.0832,0.6464);0.164;0.108;0.0117;0.2315;0.4388;0.1505;-0.0832;0.0835
MOD13Q1_006__250m_16_days_EVI_doy2010145_aid0001;_250m_16_days_EVI;aid0001;2010-05-25;604.0;-0.0483;0.5876;(-0.0483,0.5876);0.1843;0.1091;0.0119;0.2526;0.4748;0.177;-0.0483;0.0972
MOD13Q1_006__250m_16_days_EVI_doy2010161_aid0001;_250m_16_days_EVI;aid0001;2010-06-10;598.0;-0.0532;0.5585;(-0.0532,0.5585);0.1981;0.1093;0.0119;0.261;0.4783;0.1957;-0.0532;0.1151
MOD13Q1_006__250m_16_days_EVI_doy2010177_aid0001;_250m_16_days_EVI;aid0001;2010-06-26;603.0;-0.0568;0.5571;(-0.0568,0.5571);0.2059;0.1193;0.0142;0.2826;0.5338;0.1959;-0.0568;0.1121
MOD13Q1_006__250m_16_days_EVI_doy2010193_aid0001;_250m_16_days_EVI;aid0001;2010-07-12;607.0;-0.0804;0.6121;(-0.0804,0.6121);0.2049;0.1126;0.0127;0.2693;0.4832;0.199;-0.0804;0.1256
MOD13Q1_006__250m_16_days_EVI_doy2010209_aid0001;_250m_16_days_EVI;aid0001;2010-07-28;601.0;-0.0403;0.593;(-0.0403,0.593);0.1911;0.1211;0.0147;0.2681;0.5294;0.1831;-0.0403;0.0879
MOD13Q1_006__250m_16_days_EVI_doy2010225_aid0001;_250m_16_days_EVI;aid0001;2010-08-13;603.0;-0.0215;0.6102;(-0.0215,0.6102);0.2118;0.1117;0.0125;0.2868;0.5199;0.2079;-0.0215;0.1255
MOD13Q1_006__250m_16_days_EVI_doy2010241_aid0001;_250m_16_days_EVI;aid0001;2010-08-29;600.0;-0.0545;0.6205;(-0.0545,0.6205);0.2117;0.1199;0.0144;0.2839;0.5328;0.2064;-0.0545;0.117
MOD13Q1_006__250m_16_days_EVI_doy2010257_aid0001;_250m_16_days_EVI;aid0001;2010-09-14;601.0;-0.0223;0.6306;(-0.0223,0.6306);0.2055;0.114;0.013;0.2701;0.4934;0.2045;-0.0223;0.1138
MOD13Q1_006__250m_16_days_EVI_doy2010273_aid0001;_250m_16_days_EVI;aid0001;2010-09-30;596.0;-0.0362;0.6554;(-0.0362,0.6554);0.1942;0.1135;0.0129;0.2563;0.4639;0.1832;-0.0362;0.1093
MOD13Q1_006__250m_16_days_EVI_doy2010289_aid0001;_250m_16_days_EVI;aid0001;2010-10-16;593.0;-0.0253;0.6596;(-0.0253,0.6596);0.189;0.1181;0.0139;0.2566;0.4927;0.171;-0.0253;0.0988
MOD13Q1_006__250m_16_days_EVI_doy2010305_aid0001;_250m_16_days_EVI;aid0001;2010-11-01;607.0;-0.0218;0.669;(-0.0218,0.669);0.1699;0.1056;0.0112;0.2348;0.4332;0.1489;-0.0218;0.0958
MOD13Q1_006__250m_16_days_EVI_doy2010321_aid0001;_250m_16_days_EVI;aid0001;2010-11-17;602.0;-0.0215;0.5359;(-0.0215,0.5359);0.1707;0.102;0.0104;0.237;0.4468;0.1552;-0.0215;0.0933
MOD13Q1_006__250m_16_days_EVI_doy2010337_aid0001;_250m_16_days_EVI;aid0001;2010-12-03;601.0;-0.0189;0.6349;(-0.0189,0.6349);0.1657;0.1035;0.0107;0.224;0.4205;0.1518;-0.0189;0.0879
MOD13Q1_006__250m_16_days_EVI_doy2010353_aid0001;_250m_16_days_EVI;aid0001;2010-12-19;601.0;-0.0339;0.6556;(-0.0339,0.6556);0.1629;0.1039;0.0108;0.2235;0.4282;0.1506;-0.0339;0.0839
MOD13Q1_006__250m_16_days_EVI_doy2011001_aid0001;_250m_16_days_EVI;aid0001;2011-01-01;593.0;-0.0355;0.5807;(-0.0355,0.5807);0.1566;0.0963;0.0093;0.2121;0.3669;0.1491;-0.0355;0.0837
MOD13Q1_006__250m_16_days_EVI_doy2011017_aid0001;_250m_16_days_EVI;aid0001;2011-01-17;609.0;-0.0164;0.572;(-0.0164,0.572);0.1467;0.0931;0.0087;0.2074;0.3638;0.1308;-0.0164;0.0816
MOD13Q1_006__250m_16_days_EVI_doy2011033_aid0001;_250m_16_days_EVI;aid0001;2011-02-02;607.0;-0.03;0.5505;(-0.03,0.5505);0.1456;0.0915;0.0084;0.2007;0.38;0.1296;-0.03;0.0784
MOD13Q1_006__250m_16_days_EVI_doy2011049_aid0001;_250m_16_days_EVI;aid0001;2011-02-18;607.0;-0.0379;0.7004;(-0.0379,0.7004);0.1467;0.0963;0.0093;0.2024;0.3865;0.1292;-0.0379;0.0792
MOD13Q1_006__250m_16_days_EVI_doy2011065_aid0001;_250m_16_days_EVI;aid0001;2011-03-06;605.0;-0.0256;0.4762;(-0.0256,0.4762);0.1435;0.0848;0.0072;0.1961;0.3475;0.1265;-0.0256;0.0839
MOD13Q1_006__250m_16_days_EVI_doy2011081_aid0001;_250m_16_days_EVI;aid0001;2011-03-22;580.0;-0.0064;0.5841;(-0.0064,0.5841);0.148;0.0919;0.0085;0.1949;0.3488;0.126;-0.0064;0.0838
MOD13Q1_006__250m_16_days_EVI_doy2011097_aid0001;_250m_16_days_EVI;aid0001;2011-04-07;603.0;-0.0434;0.6175;(-0.0434,0.6175);0.1408;0.0911;0.0083;0.1909;0.3541;0.1266;-0.0434;0.0753
MOD13Q1_006__250m_16_days_EVI_doy2011113_aid0001;_250m_16_days_EVI;aid0001;2011-04-23;607.0;-0.0243;0.5851;(-0.0243,0.5851);0.1531;0.0934;0.0087;0.2071;0.3812;0.1408;-0.0243;0.0852
MOD13Q1_006__250m_16_days_EVI_doy2011129_aid0001;_250m_16_days_EVI;aid0001;2011-05-09;605.0;-0.0317;0.6105;(-0.0317,0.6105);0.1623;0.0985;0.0097;0.2172;0.404;0.1529;-0.0317;0.0863
MOD13Q1_006__250m_16_days_EVI_doy2011145_aid0001;_250m_16_days_EVI;aid0001;2011-05-25;593.0;-0.0473;0.6146;(-0.0473,0.6146);0.1984;0.1042;0.0109;0.2537;0.4513;0.1928;-0.0473;0.1191
MOD13Q1_006__250m_16_days_EVI_doy2011161_aid0001;_250m_16_days_EVI;aid0001;2011-06-10;592.0;-0.0385;0.5414;(-0.0385,0.5414);0.2056;0.1052;0.0111;0.2691;0.4653;0.2039;-0.0385;0.1269
MOD13Q1_006__250m_16_days_EVI_doy2011177_aid0001;_250m_16_days_EVI;aid0001;2011-06-26;598.0;-0.0394;0.5848;(-0.0394,0.5848);0.2089;0.1103;0.0122;0.2838;0.5066;0.2065;-0.0394;0.129
MOD13Q1_006__250m_16_days_EVI_doy2011193_aid0001;_250m_16_days_EVI;aid0001;2011-07-12;601.0;-0.0298;0.6067;(-0.0298,0.6067);0.2014;0.1059;0.0112;0.2568;0.4471;0.2053;-0.0298;0.1184
MOD13Q1_006__250m_16_days_EVI_doy2011209_aid0001;_250m_16_days_EVI;aid0001;2011-07-28;607.0;-0.0723;0.5761;(-0.0723,0.5761);0.1994;0.1124;0.0126;0.2619;0.4736;0.196;-0.0723;0.1156
MOD13Q1_006__250m_16_days_EVI_doy2011225_aid0001;_250m_16_days_EVI;aid0001;2011-08-13;592.0;-0.0464;0.5958;(-0.0464,0.5958);0.2025;0.1117;0.0125;0.2638;0.4806;0.1927;-0.0464;0.1178
MOD13Q1_006__250m_16_days_EVI_doy2011241_aid0001;_250m_16_days_EVI;aid0001;2011-08-29;597.0;-0.0721;0.6103;(-0.0721,0.6103);0.2089;0.1194;0.0142;0.2824;0.524;0.1982;-0.0721;0.1143
MOD13Q1_006__250m_16_days_EVI_doy2011257_aid0001;_250m_16_days_EVI;aid0001;2011-09-14;604.0;-0.0512;0.5852;(-0.0512,0.5852);0.1972;0.1157;0.0134;0.2586;0.4729;0.1861;-0.0512;0.1084
MOD13Q1_006__250m_16_days_EVI_doy2011273_aid0001;_250m_16_days_EVI;aid0001;2011-09-30;601.0;-0.0349;0.6527;(-0.0349,0.6527);0.2006;0.12;0.0144;0.2663;0.4971;0.187;-0.0349;0.109
MOD13Q1_006__250m_16_days_EVI_doy2011289_aid0001;_250m_16_days_EVI;aid0001;2011-10-16;609.0;-0.0306;0.6647;(-0.0306,0.6647);0.1825;0.1137;0.0129;0.2516;0.465;0.1641;-0.0306;0.0982
MOD13Q1_006__250m_16_days_EVI_doy2011305_aid0001;_250m_16_days_EVI;aid0001;2011-11-01;607.0;-0.0273;0.7238;(-0.0273,0.7238);0.1828;0.1175;0.0138;0.2536;0.4624;0.1635;-0.0273;0.1006
MOD13Q1_006__250m_16_days_EVI_doy2011321_aid0001;_250m_16_days_EVI;aid0001;2011-11-17;605.0;-0.0364;0.6419;(-0.0364,0.6419);0.1707;0.1059;0.0112;0.2382;0.4593;0.1552;-0.0364;0.0905
MOD13Q1_006__250m_16_days_EVI_doy2011337_aid0001;_250m_16_days_EVI;aid0001;2011-12-03;603.0;-0.031;0.6382;(-0.031,0.6382);0.171;0.1118;0.0125;0.2356;0.436;0.1486;-0.031;0.0901
MOD13Q1_006__250m_16_days_EVI_doy2011353_aid0001;_250m_16_days_EVI;aid0001;2011-12-19;607.0;-0.035;0.751;(-0.035,0.751);0.1636;0.1076;0.0116;0.2209;0.4157;0.1412;-0.035;0.0898
MOD13Q1_006__250m_16_days_EVI_doy2012001_aid0001;_250m_16_days_EVI;aid0001;2012-01-01;597.0;-0.0303;0.6598;(-0.0303,0.6598);0.1571;0.1033;0.0107;0.2097;0.3966;0.132;-0.0303;0.0832
MOD13Q1_006__250m_16_days_EVI_doy2012017_aid0001;_250m_16_days_EVI;aid0001;2012-01-17;600.0;-0.0312;0.5831;(-0.0312,0.5831);0.1529;0.0974;0.0095;0.2152;0.4008;0.1346;-0.0312;0.0808
MOD13Q1_006__250m_16_days_EVI_doy2012033_aid0001;_250m_16_days_EVI;aid0001;2012-02-02;605.0;-0.011;0.5658;(-0.011,0.5658);0.1454;0.0901;0.0081;0.1991;0.3552;0.1328;-0.011;0.0751
MOD13Q1_006__250m_16_days_EVI_doy2012049_aid0001;_250m_16_days_EVI;aid0001;2012-02-18;607.0;-0.0215;0.5323;(-0.0215,0.5323);0.1424;0.0888;0.0079;0.1998;0.3345;0.1239;-0.0215;0.078
MOD13Q1_006__250m_16_days_EVI_doy2012065_aid0001;_250m_16_days_EVI;aid0001;2012-03-05;607.0;-0.0157;0.5611;(-0.0157,0.5611);0.1462;0.0931;0.0087;0.199;0.3763;0.13;-0.0157;0.0771
MOD13Q1_006__250m_16_days_EVI_doy2012081_aid0001;_250m_16_days_EVI;aid0001;2012-03-21;607.0;-0.0407;0.6294;(-0.0407,0.6294);0.1538;0.0964;0.0093;0.2063;0.3894;0.1388;-0.0407;0.0832
MOD13Q1_006__250m_16_days_EVI_doy2012097_aid0001;_250m_16_days_EVI;aid0001;2012-04-06;599.0;-0.018;0.6619;(-0.018,0.6619);0.1649;0.0972;0.0095;0.225;0.4048;0.154;-0.018;0.0926
MOD13Q1_006__250m_16_days_EVI_doy2012113_aid0001;_250m_16_days_EVI;aid0001;2012-04-22;609.0;-0.0605;0.5697;(-0.0605,0.5697);0.1836;0.1009;0.0102;0.2509;0.45;0.1794;-0.0605;0.1082
MOD13Q1_006__250m_16_days_EVI_doy2012129_aid0001;_250m_16_days_EVI;aid0001;2012-05-08;603.0;-0.0663;0.6019;(-0.0663,0.6019);0.1934;0.1099;0.0121;0.2586;0.4667;0.185;-0.0663;0.1107
MOD13Q1_006__250m_16_days_EVI_doy2012145_aid0001;_250m_16_days_EVI;aid0001;2012-05-24;605.0;-0.0573;0.5846;(-0.0573,0.5846);0.1957;0.1094;0.012;0.2662;0.4968;0.1853;-0.0573;0.1113
MOD13Q1_006__250m_16_days_EVI_doy2012161_aid0001;_250m_16_days_EVI;aid0001;2012-06-09;601.0;-0.0521;0.5851;(-0.0521,0.5851);0.2031;0.109;0.0119;0.2668;0.4863;0.1996;-0.0521;0.1198
MOD13Q1_006__250m_16_days_EVI_doy2012177_aid0001;_250m_16_days_EVI;aid0001;2012-06-25;599.0;-0.0909;0.5447;(-0.0909,0.5447);0.1976;0.1135;0.0129;0.2576;0.4726;0.1893;-0.0909;0.1102
MOD13Q1_006__250m_16_days_EVI_doy2012193_aid0001;_250m_16_days_EVI;aid0001;2012-07-11;601.0;-0.0653;0.5487;(-0.0653,0.5487);0.207;0.1086;0.0118;0.272;0.4932;0.1987;-0.0653;0.123
MOD13Q1_006__250m_16_days_EVI_doy2012209_aid0001;_250m_16_days_EVI;aid0001;2012-07-27;603.0;-0.0223;0.581;(-0.0223,0.581);0.2025;0.1083;0.0117;0.2652;0.4752;0.1949;-0.0223;0.1195
MOD13Q1_006__250m_16_days_EVI_doy2012225_aid0001;_250m_16_days_EVI;aid0001;2012-08-12;601.0;-0.118;0.5782;(-0.118,0.5782);0.205;0.1074;0.0115;0.2619;0.4515;0.199;-0.027;0.1265
MOD13Q1_006__250m_16_days_EVI_doy2012241_aid0001;_250m_16_days_EVI;aid0001;2012-08-28;605.0;-0.0839;0.5737;(-0.0839,0.5737);0.2091;0.1242;0.0154;0.2968;0.5737;0.2024;-0.0839;0.107
MOD13Q1_006__250m_16_days_EVI_doy2012257_aid0001;_250m_16_days_EVI;aid0001;2012-09-13;603.0;-0.07;0.5754;(-0.07,0.5754);0.2201;0.1225;0.015;0.3058;0.5565;0.2237;-0.07;0.1274
MOD13Q1_006__250m_16_days_EVI_doy2012273_aid0001;_250m_16_days_EVI;aid0001;2012-09-29;597.0;-0.0324;0.6338;(-0.0324,0.6338);0.2108;0.1217;0.0148;0.2857;0.5281;0.2085;-0.0324;0.1147
MOD13Q1_006__250m_16_days_EVI_doy2012289_aid0001;_250m_16_days_EVI;aid0001;2012-10-15;601.0;-0.1036;0.5642;(-0.1036,0.5642);0.2033;0.1133;0.0128;0.282;0.5326;0.1948;-0.1036;0.1096
MOD13Q1_006__250m_16_days_EVI_doy2012305_aid0001;_250m_16_days_EVI;aid0001;2012-10-31;607.0;-0.0228;0.5923;(-0.0228,0.5923);0.197;0.11;0.0121;0.2715;0.5004;0.1841;-0.0228;0.1104
MOD13Q1_006__250m_16_days_EVI_doy2012321_aid0001;_250m_16_days_EVI;aid0001;2012-11-16;608.0;-0.0103;0.6397;(-0.0103,0.6397);0.1721;0.1081;0.0117;0.2338;0.4428;0.1511;-0.0103;0.0928
MOD13Q1_006__250m_16_days_EVI_doy2012337_aid0001;_250m_16_days_EVI;aid0001;2012-12-02;609.0;-0.0439;0.5843;(-0.0439,0.5843);0.1723;0.1057;0.0112;0.2445;0.4626;0.1581;-0.0439;0.0959
MOD13Q1_006__250m_16_days_EVI_doy2012353_aid0001;_250m_16_days_EVI;aid0001;2012-12-18;609.0;-0.0563;0.548;(-0.0563,0.548);0.1696;0.1054;0.0111;0.2382;0.4453;0.1511;-0.0563;0.0917
MOD13Q1_006__250m_16_days_EVI_doy2013001_aid0001;_250m_16_days_EVI;aid0001;2013-01-01;603.0;-0.0594;0.5829;(-0.0594,0.5829);0.1622;0.1002;0.01;0.2311;0.4227;0.1516;-0.0594;0.0844
MOD13Q1_006__250m_16_days_EVI_doy2013017_aid0001;_250m_16_days_EVI;aid0001;2013-01-17;607.0;-0.0234;0.5637;(-0.0234,0.5637);0.1553;0.098;0.0096;0.2174;0.4071;0.1361;-0.0234;0.0837
MOD13Q1_006__250m_16_days_EVI_doy2013033_aid0001;_250m_16_days_EVI;aid0001;2013-02-02;604.0;-0.0359;0.5983;(-0.0359,0.5983);0.1563;0.1002;0.01;0.2219;0.4242;0.1417;-0.0359;0.0786
MOD13Q1_006__250m_16_days_EVI_doy2013049_aid0001;_250m_16_days_EVI;aid0001;2013-02-18;603.0;-0.0236;0.5985;(-0.0236,0.5985);0.1675;0.103;0.0106;0.2369;0.4527;0.1513;-0.0236;0.0911
MOD13Q1_006__250m_16_days_EVI_doy2013065_aid0001;_250m_16_days_EVI;aid0001;2013-03-06;593.0;-0.0109;0.5928;(-0.0109,0.5928);0.1728;0.1039;0.0108;0.2465;0.4503;0.1564;-0.0109;0.0891
MOD13Q1_006__250m_16_days_EVI_doy2013081_aid0001;_250m_16_days_EVI;aid0001;2013-03-22;607.0;-0.043;0.5724;(-0.043,0.5724);0.1711;0.104;0.0108;0.2374;0.448;0.153;-0.043;0.0914
MOD13Q1_006__250m_16_days_EVI_doy2013097_aid0001;_250m_16_days_EVI;aid0001;2013-04-07;601.0;-0.0295;0.584;(-0.0295,0.584);0.1812;0.1013;0.0103;0.2401;0.4343;0.1705;-0.0295;0.1047
MOD13Q1_006__250m_16_days_EVI_doy2013113_aid0001;_250m_16_days_EVI;aid0001;2013-04-23;599.0;-0.0277;0.5953;(-0.0277,0.5953);0.1989;0.1049;0.011;0.2638;0.4625;0.1866;-0.0277;0.1209
MOD13Q1_006__250m_16_days_EVI_doy2013129_aid0001;_250m_16_days_EVI;aid0001;2013-05-09;609.0;-0.0284;0.6303;(-0.0284,0.6303);0.1958;0.11;0.0121;0.2615;0.4897;0.1916;-0.0284;0.1082
MOD13Q1_006__250m_16_days_EVI_doy2013145_aid0001;_250m_16_days_EVI;aid0001;2013-05-25;600.0;-0.0498;0.5573;(-0.0498,0.5573);0.1937;0.1153;0.0133;0.2605;0.4927;0.1856;-0.0498;0.1015
MOD13Q1_006__250m_16_days_EVI_doy2013161_aid0001;_250m_16_days_EVI;aid0001;2013-06-10;600.0;-0.0705;0.5929;(-0.0705,0.5929);0.2012;0.1056;0.0112;0.269;0.4874;0.2013;-0.0705;0.123
MOD13Q1_006__250m_16_days_EVI_doy2013177_aid0001;_250m_16_days_EVI;aid0001;2013-06-26;599.0;-0.015;0.6019;(-0.015,0.6019);0.1956;0.1113;0.0124;0.2616;0.4745;0.1868;-0.015;0.112
MOD13Q1_006__250m_16_days_EVI_doy2013193_aid0001;_250m_16_days_EVI;aid0001;2013-07-12;601.0;-0.0445;0.5439;(-0.0445,0.5439);0.1889;0.1126;0.0127;0.2595;0.4944;0.18;-0.0445;0.0997
MOD13Q1_006__250m_16_days_EVI_doy2013209_aid0001;_250m_16_days_EVI;aid0001;2013-07-28;607.0;-0.0423;0.6013;(-0.0423,0.6013);0.2032;0.1132;0.0128;0.2691;0.4842;0.1957;-0.0423;0.1163
MOD13Q1_006__250m_16_days_EVI_doy2013225_aid0001;_250m_16_days_EVI;aid0001;2013-08-13;596.0;-0.1078;0.6089;(-0.1078,0.6089);0.2013;0.1119;0.0125;0.2678;0.4851;0.1992;-0.0539;0.1202
MOD13Q1_006__250m_16_days_EVI_doy2013241_aid0001;_250m_16_days_EVI;aid0001;2013-08-29;593.0;-0.0512;0.6378;(-0.0512,0.6378);0.2111;0.1096;0.012;0.277;0.4882;0.2134;-0.0512;0.1276
MOD13Q1_006__250m_16_days_EVI_doy2013257_aid0001;_250m_16_days_EVI;aid0001;2013-09-14;607.0;-0.0745;0.4871;(-0.0745,0.4871);0.2097;0.103;0.0106;0.279;0.4871;0.2105;-0.0745;0.1328
MOD13Q1_006__250m_16_days_EVI_doy2013273_aid0001;_250m_16_days_EVI;aid0001;2013-09-30;607.0;-0.0339;0.6321;(-0.0339,0.6321);0.2112;0.1166;0.0136;0.2854;0.503;0.1988;-0.0339;0.1258
MOD13Q1_006__250m_16_days_EVI_doy2013289_aid0001;_250m_16_days_EVI;aid0001;2013-10-16;597.0;-0.0237;0.5814;(-0.0237,0.5814);0.2093;0.118;0.0139;0.2814;0.5141;0.2007;-0.0237;0.1141
MOD13Q1_006__250m_16_days_EVI_doy2013305_aid0001;_250m_16_days_EVI;aid0001;2013-11-01;609.0;-0.014;0.6104;(-0.014,0.6104);0.194;0.1042;0.0109;0.2684;0.4715;0.1844;-0.014;0.1133
MOD13Q1_006__250m_16_days_EVI_doy2013321_aid0001;_250m_16_days_EVI;aid0001;2013-11-17;603.0;-0.0387;0.6593;(-0.0387,0.6593);0.2003;0.119;0.0142;0.2758;0.5121;0.182;-0.0387;0.1105
MOD13Q1_006__250m_16_days_EVI_doy2013337_aid0001;_250m_16_days_EVI;aid0001;2013-12-03;601.0;-0.0245;0.5857;(-0.0245,0.5857);0.1966;0.1139;0.013;0.2721;0.5145;0.1793;-0.0245;0.1087
MOD13Q1_006__250m_16_days_EVI_doy2013353_aid0001;_250m_16_days_EVI;aid0001;2013-12-19;599.0;-0.024;0.6004;(-0.024,0.6004);0.1879;0.1078;0.0116;0.2533;0.4605;0.1727;-0.024;0.1033
MOD13Q1_006__250m_16_days_EVI_doy2014001_aid0001;_250m_16_days_EVI;aid0001;2014-01-01;595.0;-0.0226;0.5783;(-0.0226,0.5783);0.1854;0.1052;0.0111;0.2555;0.482;0.1705;-0.0226;0.1016
MOD13Q1_006__250m_16_days_EVI_doy2014017_aid0001;_250m_16_days_EVI;aid0001;2014-01-17;601.0;-0.0391;0.497;(-0.0391,0.497);0.1896;0.1077;0.0116;0.2609;0.4895;0.1796;-0.0391;0.1065
MOD13Q1_006__250m_16_days_EVI_doy2014033_aid0001;_250m_16_days_EVI;aid0001;2014-02-02;594.0;-0.042;0.5141;(-0.042,0.5141);0.1721;0.0949;0.009;0.2401;0.4461;0.1584;-0.042;0.101
MOD13Q1_006__250m_16_days_EVI_doy2014049_aid0001;_250m_16_days_EVI;aid0001;2014-02-18;607.0;-0.0247;0.5335;(-0.0247,0.5335);0.1649;0.0995;0.0099;0.2354;0.4499;0.1485;-0.0247;0.0849
MOD13Q1_006__250m_16_days_EVI_doy2014065_aid0001;_250m_16_days_EVI;aid0001;2014-03-06;601.0;-0.0197;0.547;(-0.0197,0.547);0.1694;0.0987;0.0097;0.2332;0.4334;0.1549;-0.0197;0.0934
MOD13Q1_006__250m_16_days_EVI_doy2014081_aid0001;_250m_16_days_EVI;aid0001;2014-03-22;603.0;-0.0348;0.5519;(-0.0348,0.5519);0.1861;0.1004;0.0101;0.2468;0.4454;0.1856;-0.0348;0.1123
MOD13Q1_006__250m_16_days_EVI_doy2014097_aid0001;_250m_16_days_EVI;aid0001;2014-04-07;605.0;-0.0298;0.6081;(-0.0298,0.6081);0.2027;0.112;0.0125;0.2743;0.508;0.1936;-0.0298;0.1181
MOD13Q1_006__250m_16_days_EVI_doy2014113_aid0001;_250m_16_days_EVI;aid0001;2014-04-23;609.0;-0.0533;0.5785;(-0.0533,0.5785);0.1953;0.1157;0.0134;0.2663;0.5084;0.1864;-0.0533;0.1036
MOD13Q1_006__250m_16_days_EVI_doy2014129_aid0001;_250m_16_days_EVI;aid0001;2014-05-09;601.0;-0.0349;0.5783;(-0.0349,0.5783);0.2125;0.1027;0.0106;0.2779;0.4744;0.2061;-0.0349;0.1372
MOD13Q1_006__250m_16_days_EVI_doy2014145_aid0001;_250m_16_days_EVI;aid0001;2014-05-25;595.0;-0.1132;0.6024;(-0.1132,0.6024);0.2101;0.1148;0.0132;0.2788;0.5114;0.2063;-0.1132;0.1196
MOD13Q1_006__250m_16_days_EVI_doy2014161_aid0001;_250m_16_days_EVI;aid0001;2014-06-10;603.0;-0.076;0.5601;(-0.076,0.5601);0.2003;0.1128;0.0127;0.2665;0.4775;0.1992;-0.076;0.11
MOD13Q1_006__250m_16_days_EVI_doy2014177_aid0001;_250m_16_days_EVI;aid0001;2014-06-26;609.0;-0.0471;0.5647;(-0.0471,0.5647);0.207;0.104;0.0108;0.2707;0.4764;0.2073;-0.0471;0.1325
MOD13Q1_006__250m_16_days_EVI_doy2014193_aid0001;_250m_16_days_EVI;aid0001;2014-07-12;599.0;-0.0475;0.6126;(-0.0475,0.6126);0.2007;0.1083;0.0117;0.2626;0.4495;0.1979;-0.0475;0.123
MOD13Q1_006__250m_16_days_EVI_doy2014209_aid0001;_250m_16_days_EVI;aid0001;2014-07-28;607.0;-0.0793;0.575;(-0.0793,0.575);0.2102;0.1071;0.0115;0.2778;0.4835;0.2079;-0.0598;0.1395
MOD13Q1_006__250m_16_days_EVI_doy2014225_aid0001;_250m_16_days_EVI;aid0001;2014-08-13;603.0;-0.0592;0.5593;(-0.0592,0.5593);0.2172;0.1041;0.0108;0.2879;0.5054;0.216;-0.0592;0.141
MOD13Q1_006__250m_16_days_EVI_doy2014241_aid0001;_250m_16_days_EVI;aid0001;2014-08-29;605.0;-0.0496;0.5866;(-0.0496,0.5866);0.2126;0.1081;0.0117;0.2764;0.4819;0.2145;-0.0496;0.1361
MOD13Q1_006__250m_16_days_EVI_doy2014257_aid0001;_250m_16_days_EVI;aid0001;2014-09-14;601.0;-0.0291;0.5793;(-0.0291,0.5793);0.2127;0.1156;0.0134;0.2843;0.5243;0.215;-0.0291;0.1184
MOD13Q1_006__250m_16_days_EVI_doy2014273_aid0001;_250m_16_days_EVI;aid0001;2014-09-30;609.0;-0.0208;0.6635;(-0.0208,0.6635);0.2128;0.1209;0.0146;0.2896;0.5394;0.2032;-0.0208;0.1213
MOD13Q1_006__250m_16_days_EVI_doy2014289_aid0001;_250m_16_days_EVI;aid0001;2014-10-16;605.0;-0.0349;0.6283;(-0.0349,0.6283);0.1957;0.1203;0.0145;0.2762;0.5124;0.1766;-0.0349;0.1067
MOD13Q1_006__250m_16_days_EVI_doy2014305_aid0001;_250m_16_days_EVI;aid0001;2014-11-01;600.0;-0.0261;0.6524;(-0.0261,0.6524);0.1826;0.1109;0.0123;0.2487;0.4469;0.1687;-0.0261;0.1017
MOD13Q1_006__250m_16_days_EVI_doy2014321_aid0001;_250m_16_days_EVI;aid0001;2014-11-17;605.0;-0.0153;0.5668;(-0.0153,0.5668);0.1822;0.1163;0.0135;0.2619;0.513;0.1603;-0.0153;0.0909
MOD13Q1_006__250m_16_days_EVI_doy2014337_aid0001;_250m_16_days_EVI;aid0001;2014-12-03;604.0;-0.0559;0.614;(-0.0559,0.614);0.1704;0.1051;0.011;0.2384;0.4556;0.1554;-0.0559;0.0923
MOD13Q1_006__250m_16_days_EVI_doy2014353_aid0001;_250m_16_days_EVI;aid0001;2014-12-19;605.0;-0.0269;0.5344;(-0.0269,0.5344);0.1736;0.1017;0.0103;0.2467;0.4418;0.1512;-0.0269;0.0987
MOD13Q1_006__250m_16_days_EVI_doy2015001_aid0001;_250m_16_days_EVI;aid0001;2015-01-01;593.0;-0.0388;0.5347;(-0.0388,0.5347);0.1626;0.0916;0.0084;0.2328;0.438;0.1459;-0.0388;0.0947
MOD13Q1_006__250m_16_days_EVI_doy2015017_aid0001;_250m_16_days_EVI;aid0001;2015-01-17;607.0;-0.04;0.6287;(-0.04,0.6287);0.1612;0.1004;0.0101;0.2288;0.439;0.1438;-0.04;0.0871
MOD13Q1_006__250m_16_days_EVI_doy2015033_aid0001;_250m_16_days_EVI;aid0001;2015-02-02;598.0;-0.0127;0.5065;(-0.0127,0.5065);0.1639;0.0958;0.0092;0.2273;0.4328;0.1434;-0.0127;0.0899
MOD13Q1_006__250m_16_days_EVI_doy2015049_aid0001;_250m_16_days_EVI;aid0001;2015-02-18;605.0;-0.0215;0.5601;(-0.0215,0.5601);0.1583;0.0979;0.0096;0.2218;0.4101;0.1404;-0.0215;0.0851
MOD13Q1_006__250m_16_days_EVI_doy2015065_aid0001;_250m_16_days_EVI;aid0001;2015-03-06;605.0;-0.0247;0.4936;(-0.0247,0.4936);0.1534;0.0917;0.0084;0.2069;0.3703;0.1378;-0.0247;0.0898
MOD13Q1_006__250m_16_days_EVI_doy2015081_aid0001;_250m_16_days_EVI;aid0001;2015-03-22;606.0;-0.0302;0.5399;(-0.0302,0.5399);0.157;0.0934;0.0087;0.2124;0.3847;0.1446;-0.0302;0.0887
MOD13Q1_006__250m_16_days_EVI_doy2015097_aid0001;_250m_16_days_EVI;aid0001;2015-04-07;603.0;-0.016;0.5628;(-0.016,0.5628);0.1511;0.0925;0.0085;0.2019;0.3655;0.1372;-0.016;0.0877
MOD13Q1_006__250m_16_days_EVI_doy2015113_aid0001;_250m_16_days_EVI;aid0001;2015-04-23;603.0;-0.0364;0.5561;(-0.0364,0.5561);0.1487;0.0983;0.0097;0.2013;0.3761;0.1335;-0.0364;0.0792
MOD13Q1_006__250m_16_days_EVI_doy2015129_aid0001;_250m_16_days_EVI;aid0001;2015-05-09;605.0;-0.0433;0.5747;(-0.0433,0.5747);0.1562;0.0897;0.0081;0.2083;0.3677;0.1454;-0.0433;0.0962
MOD13Q1_006__250m_16_days_EVI_doy2015145_aid0001;_250m_16_days_EVI;aid0001;2015-05-25;603.0;-0.0455;0.5326;(-0.0455,0.5326);0.1671;0.0969;0.0094;0.2215;0.4063;0.1585;-0.0455;0.0968
MOD13Q1_006__250m_16_days_EVI_doy2015161_aid0001;_250m_16_days_EVI;aid0001;2015-06-10;591.0;-0.0136;0.5099;(-0.0136,0.5099);0.2043;0.096;0.0092;0.2606;0.4578;0.1952;-0.0136;0.1279
MOD13Q1_006__250m_16_days_EVI_doy2015177_aid0001;_250m_16_days_EVI;aid0001;2015-06-26;596.0;-0.023;0.5544;(-0.023,0.5544);0.2016;0.0983;0.0097;0.2616;0.465;0.203;-0.023;0.124
MOD13Q1_006__250m_16_days_EVI_doy2015193_aid0001;_250m_16_days_EVI;aid0001;2015-07-12;593.0;-0.0423;0.6572;(-0.0423,0.6572);0.2033;0.1112;0.0124;0.2697;0.5001;0.1979;-0.0423;0.1137
MOD13Q1_006__250m_16_days_EVI_doy2015209_aid0001;_250m_16_days_EVI;aid0001;2015-07-28;601.0;-0.0942;0.6068;(-0.0942,0.6068);0.1952;0.109;0.0119;0.2581;0.4747;0.1903;-0.0942;0.1103
MOD13Q1_006__250m_16_days_EVI_doy2015225_aid0001;_250m_16_days_EVI;aid0001;2015-08-13;603.0;-0.0767;0.5703;(-0.0767,0.5703);0.1972;0.1101;0.0121;0.2645;0.4859;0.1935;-0.0767;0.1154
MOD13Q1_006__250m_16_days_EVI_doy2015241_aid0001;_250m_16_days_EVI;aid0001;2015-08-29;608.0;-0.0871;0.5806;(-0.0871,0.5806);0.1999;0.1041;0.0108;0.2544;0.4281;0.1918;-0.0574;0.1282
MOD13Q1_006__250m_16_days_EVI_doy2015257_aid0001;_250m_16_days_EVI;aid0001;2015-09-14;597.0;-0.0134;0.6006;(-0.0134,0.6006);0.2037;0.1119;0.0125;0.2671;0.4887;0.1944;-0.0134;0.1172
MOD13Q1_006__250m_16_days_EVI_doy2015273_aid0001;_250m_16_days_EVI;aid0001;2015-09-30;597.0;-0.04;0.6102;(-0.04,0.6102);0.1995;0.1125;0.0126;0.2663;0.4942;0.1915;-0.04;0.1107
MOD13Q1_006__250m_16_days_EVI_doy2015289_aid0001;_250m_16_days_EVI;aid0001;2015-10-16;606.0;-0.036;0.6438;(-0.036,0.6438);0.1924;0.1242;0.0154;0.2623;0.4892;0.1749;-0.036;0.0984
MOD13Q1_006__250m_16_days_EVI_doy2015305_aid0001;_250m_16_days_EVI;aid0001;2015-11-01;605.0;-0.0387;0.6249;(-0.0387,0.6249);0.1913;0.1156;0.0134;0.263;0.4861;0.177;-0.0387;0.1019
MOD13Q1_006__250m_16_days_EVI_doy2015321_aid0001;_250m_16_days_EVI;aid0001;2015-11-17;599.0;-0.0291;0.658;(-0.0291,0.658);0.19;0.1186;0.0141;0.2583;0.4909;0.1707;-0.0291;0.0996
MOD13Q1_006__250m_16_days_EVI_doy2015337_aid0001;_250m_16_days_EVI;aid0001;2015-12-03;587.0;-0.0339;0.6598;(-0.0339,0.6598);0.1779;0.1092;0.0119;0.2462;0.4571;0.1656;-0.0339;0.0936
MOD13Q1_006__250m_16_days_EVI_doy2015353_aid0001;_250m_16_days_EVI;aid0001;2015-12-19;607.0;-0.0337;0.6336;(-0.0337,0.6336);0.1768;0.11;0.0121;0.2422;0.4587;0.1625;-0.0337;0.0929
MOD13Q1_006__250m_16_days_EVI_doy2016001_aid0001;_250m_16_days_EVI;aid0001;2016-01-01;599.0;-0.0472;0.4837;(-0.0472,0.4837);0.1654;0.0974;0.0095;0.2332;0.4498;0.1532;-0.0472;0.0881
MOD13Q1_006__250m_16_days_EVI_doy2016017_aid0001;_250m_16_days_EVI;aid0001;2016-01-17;609.0;-0.0495;0.5219;(-0.0495,0.5219);0.1556;0.093;0.0086;0.216;0.4019;0.1416;-0.0495;0.0886
MOD13Q1_006__250m_16_days_EVI_doy2016033_aid0001;_250m_16_days_EVI;aid0001;2016-02-02;607.0;-0.0389;0.5184;(-0.0389,0.5184);0.1575;0.0943;0.0089;0.2211;0.4164;0.1382;-0.0389;0.0872
MOD13Q1_006__250m_16_days_EVI_doy2016049_aid0001;_250m_16_days_EVI;aid0001;2016-02-18;607.0;-0.0294;0.5196;(-0.0294,0.5196);0.1467;0.0867;0.0075;0.2005;0.3726;0.1324;-0.0294;0.0833
MOD13Q1_006__250m_16_days_EVI_doy2016065_aid0001;_250m_16_days_EVI;aid0001;2016-03-05;605.0;-0.0532;0.5284;(-0.0532,0.5284);0.1465;0.0879;0.0077;0.1991;0.3646;0.1341;-0.0532;0.0852
MOD13Q1_006__250m_16_days_EVI_doy2016081_aid0001;_250m_16_days_EVI;aid0001;2016-03-21;603.0;-0.0386;0.5107;(-0.0386,0.5107);0.1606;0.102;0.0104;0.232;0.4504;0.1408;-0.0386;0.0834
MOD13Q1_006__250m_16_days_EVI_doy2016097_aid0001;_250m_16_days_EVI;aid0001;2016-04-06;609.0;-0.0127;0.6352;(-0.0127,0.6352);0.1712;0.0955;0.0091;0.2284;0.4014;0.1546;-0.0127;0.1086
MOD13Q1_006__250m_16_days_EVI_doy2016113_aid0001;_250m_16_days_EVI;aid0001;2016-04-22;599.0;-0.0776;0.5848;(-0.0776,0.5848);0.1893;0.0992;0.0098;0.2449;0.4326;0.1798;-0.0542;0.1173
MOD13Q1_006__250m_16_days_EVI_doy2016129_aid0001;_250m_16_days_EVI;aid0001;2016-05-08;599.0;-0.0355;0.5288;(-0.0355,0.5288);0.1811;0.1061;0.0113;0.2484;0.4692;0.173;-0.0355;0.0988
MOD13Q1_006__250m_16_days_EVI_doy2016145_aid0001;_250m_16_days_EVI;aid0001;2016-05-24;605.0;-0.0401;0.5289;(-0.0401,0.5289);0.1923;0.1042;0.0109;0.255;0.4724;0.1838;-0.0401;0.1092
MOD13Q1_006__250m_16_days_EVI_doy2016161_aid0001;_250m_16_days_EVI;aid0001;2016-06-09;607.0;-0.06;0.5183;(-0.06,0.5183);0.1835;0.0999;0.01;0.242;0.4352;0.173;-0.06;0.112
MOD13Q1_006__250m_16_days_EVI_doy2016177_aid0001;_250m_16_days_EVI;aid0001;2016-06-25;593.0;-0.0177;0.5498;(-0.0177,0.5498);0.1953;0.0966;0.0093;0.2513;0.4313;0.1876;-0.0177;0.1218
MOD13Q1_006__250m_16_days_EVI_doy2016193_aid0001;_250m_16_days_EVI;aid0001;2016-07-11;597.0;-0.0022;0.5309;(-0.0022,0.5309);0.1935;0.1046;0.0109;0.2468;0.4364;0.1804;-0.0022;0.1154
MOD13Q1_006__250m_16_days_EVI_doy2016209_aid0001;_250m_16_days_EVI;aid0001;2016-07-27;603.0;-0.0426;0.5622;(-0.0426,0.5622);0.1948;0.1083;0.0117;0.2596;0.4803;0.1863;-0.0426;0.1106
MOD13Q1_006__250m_16_days_EVI_doy2016225_aid0001;_250m_16_days_EVI;aid0001;2016-08-12;605.0;-0.0595;0.6317;(-0.0595,0.6317);0.2026;0.1135;0.0129;0.2771;0.5138;0.1982;-0.0595;0.1142
MOD13Q1_006__250m_16_days_EVI_doy2016241_aid0001;_250m_16_days_EVI;aid0001;2016-08-28;595.0;-0.0075;0.5888;(-0.0075,0.5888);0.2099;0.1093;0.0119;0.2788;0.4917;0.2021;-0.0075;0.126
MOD13Q1_006__250m_16_days_EVI_doy2016257_aid0001;_250m_16_days_EVI;aid0001;2016-09-13;607.0;-0.0313;0.6428;(-0.0313,0.6428);0.2143;0.1149;0.0132;0.28;0.5079;0.2099;-0.0313;0.1246
MOD13Q1_006__250m_16_days_EVI_doy2016273_aid0001;_250m_16_days_EVI;aid0001;2016-09-29;603.0;-0.0347;0.6339;(-0.0347,0.6339);0.2069;0.1185;0.0141;0.2775;0.5197;0.2027;-0.0347;0.1152
MOD13Q1_006__250m_16_days_EVI_doy2016289_aid0001;_250m_16_days_EVI;aid0001;2016-10-15;606.0;-0.0459;0.6492;(-0.0459,0.6492);0.1993;0.1149;0.0132;0.2761;0.5132;0.1807;-0.0459;0.1159
MOD13Q1_006__250m_16_days_EVI_doy2016305_aid0001;_250m_16_days_EVI;aid0001;2016-10-31;597.0;-0.0507;0.609;(-0.0507,0.609);0.1828;0.1124;0.0126;0.2613;0.5007;0.1614;-0.0507;0.099
MOD13Q1_006__250m_16_days_EVI_doy2016321_aid0001;_250m_16_days_EVI;aid0001;2016-11-16;601.0;-0.0018;0.5383;(-0.0018,0.5383);0.1736;0.1004;0.0101;0.2464;0.4628;0.1502;-0.0018;0.0957
MOD13Q1_006__250m_16_days_EVI_doy2016337_aid0001;_250m_16_days_EVI;aid0001;2016-12-02;609.0;-0.029;0.615;(-0.029,0.615);0.1653;0.0988;0.0098;0.2339;0.4348;0.1486;-0.029;0.0906
MOD13Q1_006__250m_16_days_EVI_doy2016353_aid0001;_250m_16_days_EVI;aid0001;2016-12-18;607.0;-0.0397;0.6573;(-0.0397,0.6573);0.1824;0.1104;0.0122;0.252;0.4491;0.1652;-0.0397;0.1045
MOD13Q1_006__250m_16_days_EVI_doy2017001_aid0001;_250m_16_days_EVI;aid0001;2017-01-01;597.0;-0.0369;0.5994;(-0.0369,0.5994);0.1738;0.1003;0.0101;0.2317;0.425;0.1593;-0.0369;0.1028
MOD13Q1_006__250m_16_days_EVI_doy2017017_aid0001;_250m_16_days_EVI;aid0001;2017-01-17;599.0;-0.0179;0.5933;(-0.0179,0.5933);0.1594;0.0905;0.0082;0.2167;0.3958;0.1419;-0.0179;0.094
MOD13Q1_006__250m_16_days_EVI_doy2017033_aid0001;_250m_16_days_EVI;aid0001;2017-02-02;607.0;-0.0124;0.653;(-0.0124,0.653);0.1584;0.0871;0.0076;0.2104;0.3692;0.1486;-0.0124;0.0965
MOD13Q1_006__250m_16_days_EVI_doy2017049_aid0001;_250m_16_days_EVI;aid0001;2017-02-18;605.0;-0.0491;0.7147;(-0.0491,0.7147);0.1537;0.0946;0.0089;0.2078;0.384;0.1422;-0.0491;0.0901
MOD13Q1_006__250m_16_days_EVI_doy2017065_aid0001;_250m_16_days_EVI;aid0001;2017-03-06;599.0;-0.0189;0.6056;(-0.0189,0.6056);0.1521;0.0925;0.0085;0.1986;0.3472;0.1383;-0.0189;0.0899
MOD13Q1_006__250m_16_days_EVI_doy2017081_aid0001;_250m_16_days_EVI;aid0001;2017-03-22;607.0;-0.0261;0.5556;(-0.0261,0.5556);0.1517;0.093;0.0086;0.1946;0.3514;0.1386;-0.0261;0.0877
MOD13Q1_006__250m_16_days_EVI_doy2017097_aid0001;_250m_16_days_EVI;aid0001;2017-04-07;605.0;-0.0231;0.5512;(-0.0231,0.5512);0.1461;0.0886;0.0078;0.1986;0.3609;0.1287;-0.0231;0.0844
MOD13Q1_006__250m_16_days_EVI_doy2017113_aid0001;_250m_16_days_EVI;aid0001;2017-04-23;607.0;-0.0565;0.5529;(-0.0565,0.5529);0.1442;0.092;0.0085;0.1949;0.3614;0.1286;-0.0565;0.0807
MOD13Q1_006__250m_16_days_EVI_doy2017129_aid0001;_250m_16_days_EVI;aid0001;2017-05-09;600.0;-0.0132;0.55;(-0.0132,0.55);0.148;0.0828;0.0069;0.1924;0.3334;0.1376;-0.0132;0.0916
MOD13Q1_006__250m_16_days_EVI_doy2017145_aid0001;_250m_16_days_EVI;aid0001;2017-05-25;604.0;-0.0142;0.6062;(-0.0142,0.6062);0.1503;0.0899;0.0081;0.2037;0.3718;0.1427;-0.0142;0.0894
MOD13Q1_006__250m_16_days_EVI_doy2017161_aid0001;_250m_16_days_EVI;aid0001;2017-06-10;601.0;-0.0722;0.5207;(-0.0722,0.5207);0.1716;0.0946;0.0089;0.2252;0.3863;0.1663;-0.0722;0.1028
MOD13Q1_006__250m_16_days_EVI_doy2017177_aid0001;_250m_16_days_EVI;aid0001;2017-06-26;602.0;-0.0639;0.5461;(-0.0639,0.5461);0.1709;0.0966;0.0093;0.2245;0.4039;0.1653;-0.0639;0.0986
MOD13Q1_006__250m_16_days_EVI_doy2017193_aid0001;_250m_16_days_EVI;aid0001;2017-07-12;606.0;-0.036;0.5562;(-0.036,0.5562);0.196;0.1036;0.0107;0.2622;0.4691;0.198;-0.036;0.1188
MOD13Q1_006__250m_16_days_EVI_doy2017209_aid0001;_250m_16_days_EVI;aid0001;2017-07-28;607.0;-0.0663;0.5902;(-0.0663,0.5902);0.1859;0.1057;0.0112;0.2397;0.4258;0.1712;-0.0663;0.1125
MOD13Q1_006__250m_16_days_EVI_doy2017225_aid0001;_250m_16_days_EVI;aid0001;2017-08-13;593.0;-0.0133;0.5956;(-0.0133,0.5956);0.209;0.1172;0.0137;0.2854;0.5394;0.1918;-0.0133;0.116
MOD13Q1_006__250m_16_days_EVI_doy2017241_aid0001;_250m_16_days_EVI;aid0001;2017-08-29;604.0;-0.0263;0.6547;(-0.0263,0.6547);0.222;0.1181;0.014;0.2907;0.5165;0.2163;-0.0263;0.1354
MOD13Q1_006__250m_16_days_EVI_doy2017257_aid0001;_250m_16_days_EVI;aid0001;2017-09-14;607.0;-0.0307;0.6185;(-0.0307,0.6185);0.2069;0.1052;0.0111;0.2678;0.4432;0.1996;-0.0307;0.1282
MOD13Q1_006__250m_16_days_EVI_doy2017273_aid0001;_250m_16_days_EVI;aid0001;2017-09-30;599.0;-0.0353;0.6681;(-0.0353,0.6681);0.2054;0.1197;0.0143;0.2744;0.4984;0.1967;-0.0353;0.1144
MOD13Q1_006__250m_16_days_EVI_doy2017289_aid0001;_250m_16_days_EVI;aid0001;2017-10-16;605.0;-0.0233;0.6518;(-0.0233,0.6518);0.1808;0.1091;0.0119;0.2347;0.4255;0.1647;-0.0233;0.1032
MOD13Q1_006__250m_16_days_EVI_doy2017305_aid0001;_250m_16_days_EVI;aid0001;2017-11-01;607.0;-0.0391;0.6111;(-0.0391,0.6111);0.1757;0.1004;0.0101;0.2366;0.4211;0.1637;-0.0391;0.1032
MOD13Q1_006__250m_16_days_EVI_doy2017321_aid0001;_250m_16_days_EVI;aid0001;2017-11-17;603.0;-0.0516;0.625;(-0.0516,0.625);0.1615;0.0952;0.0091;0.2056;0.3625;0.1507;-0.0516;0.098
MOD13Q1_006__250m_16_days_EVI_doy2017337_aid0001;_250m_16_days_EVI;aid0001;2017-12-03;607.0;-0.0287;0.62;(-0.0287,0.62);0.1574;0.1042;0.0108;0.2124;0.3914;0.1354;-0.0287;0.0845
MOD13Q1_006__250m_16_days_EVI_doy2017353_aid0001;_250m_16_days_EVI;aid0001;2017-12-19;605.0;-0.0393;0.6295;(-0.0393,0.6295);0.1692;0.1044;0.0109;0.232;0.4169;0.1516;-0.0393;0.094
MOD13Q1_006__250m_16_days_EVI_doy2018001_aid0001;_250m_16_days_EVI;aid0001;2018-01-01;602.0;-0.0258;0.5611;(-0.0258,0.5611);0.1518;0.0912;0.0083;0.2033;0.3726;0.1342;-0.0258;0.0892
MOD13Q1_006__250m_16_days_EVI_doy2018017_aid0001;_250m_16_days_EVI;aid0001;2018-01-17;609.0;-0.0134;0.5191;(-0.0134,0.5191);0.1379;0.0838;0.007;0.1879;0.3437;0.1169;-0.0134;0.0786
MOD13Q1_006__250m_16_days_EVI_doy2018033_aid0001;_250m_16_days_EVI;aid0001;2018-02-02;602.0;-0.027;0.5383;(-0.027,0.5383);0.1382;0.0878;0.0077;0.1852;0.3367;0.1209;-0.027;0.079
MOD13Q1_006__250m_16_days_EVI_doy2018049_aid0001;_250m_16_days_EVI;aid0001;2018-02-18;609.0;-0.0167;0.5674;(-0.0167,0.5674);0.135;0.0872;0.0076;0.1816;0.3057;0.1179;-0.0167;0.077
MOD13Q1_006__250m_16_days_EVI_doy2018065_aid0001;_250m_16_days_EVI;aid0001;2018-03-06;605.0;-0.0246;0.5442;(-0.0246,0.5442);0.1334;0.0879;0.0077;0.1809;0.3429;0.117;-0.0246;0.0706
MOD13Q1_006__250m_16_days_EVI_doy2018081_aid0001;_250m_16_days_EVI;aid0001;2018-03-22;609.0;-0.0274;0.6789;(-0.0274,0.6789);0.1412;0.0946;0.009;0.1864;0.3367;0.1221;-0.0274;0.0812
MOD13Q1_006__250m_16_days_EVI_doy2018097_aid0001;_250m_16_days_EVI;aid0001;2018-04-07;600.0;-0.0387;0.6365;(-0.0387,0.6365);0.1503;0.0975;0.0095;0.1985;0.3461;0.1286;-0.0387;0.0849
MOD13Q1_006__250m_16_days_EVI_doy2018113_aid0001;_250m_16_days_EVI;aid0001;2018-04-23;589.0;-0.0037;0.5834;(-0.0037,0.5834);0.1667;0.0874;0.0076;0.2137;0.3845;0.154;-0.0037;0.0985
MOD13Q1_006__250m_16_days_EVI_doy2018129_aid0001;_250m_16_days_EVI;aid0001;2018-05-09;605.0;-0.0344;0.6079;(-0.0344,0.6079);0.1783;0.1039;0.0108;0.228;0.4107;0.1743;-0.0344;0.1003
MOD13Q1_006__250m_16_days_EVI_doy2018145_aid0001;_250m_16_days_EVI;aid0001;2018-05-25;603.0;-0.1026;0.6825;(-0.1026,0.6825);0.1907;0.1193;0.0142;0.2589;0.4919;0.192;-0.1026;0.0932
MOD13Q1_006__250m_16_days_EVI_doy2018161_aid0001;_250m_16_days_EVI;aid0001;2018-06-10;609.0;-0.0311;0.6271;(-0.0311,0.6271);0.2087;0.1168;0.0137;0.2753;0.5069;0.202;-0.0311;0.1208
MOD13Q1_006__250m_16_days_EVI_doy2018177_aid0001;_250m_16_days_EVI;aid0001;2018-06-26;601.0;-0.0891;0.5788;(-0.0891,0.5788);0.2071;0.1191;0.0142;0.269;0.4893;0.1982;-0.0891;0.1189
MOD13Q1_006__250m_16_days_EVI_doy2018193_aid0001;_250m_16_days_EVI;aid0001;2018-07-12;606.0;-0.0174;0.63;(-0.0174,0.63);0.2097;0.1172;0.0137;0.2712;0.4968;0.1893;-0.0174;0.1186
MOD13Q1_006__250m_16_days_EVI_doy2018209_aid0001;_250m_16_days_EVI;aid0001;2018-07-28;602.0;-0.0416;0.6388;(-0.0416,0.6388);0.2217;0.1283;0.0164;0.2946;0.5543;0.2175;-0.0416;0.1202
MOD13Q1_006__250m_16_days_EVI_doy2018225_aid0001;_250m_16_days_EVI;aid0001;2018-08-13;605.0;-0.0528;0.5643;(-0.0528,0.5643);0.218;0.1135;0.0129;0.2755;0.4844;0.2103;-0.0528;0.1346
MOD13Q1_006__250m_16_days_EVI_doy2018241_aid0001;_250m_16_days_EVI;aid0001;2018-08-29;607.0;-0.037;0.6518;(-0.037,0.6518);0.2126;0.125;0.0156;0.2895;0.5388;0.1942;-0.037;0.1212
MOD13Q1_006__250m_16_days_EVI_doy2018257_aid0001;_250m_16_days_EVI;aid0001;2018-09-14;607.0;-0.0682;0.5768;(-0.0682,0.5768);0.2078;0.1092;0.0119;0.2722;0.4783;0.2092;-0.0682;0.1302
MOD13Q1_006__250m_16_days_EVI_doy2018273_aid0001;_250m_16_days_EVI;aid0001;2018-09-30;605.0;-0.0202;0.6315;(-0.0202,0.6315);0.2166;0.1101;0.0121;0.2667;0.4538;0.2064;-0.0202;0.1393
MOD13Q1_006__250m_16_days_EVI_doy2018289_aid0001;_250m_16_days_EVI;aid0001;2018-10-16;597.0;-0.0193;0.5919;(-0.0193,0.5919);0.1889;0.1011;0.0102;0.2385;0.4187;0.187;-0.0193;0.1157
MOD13Q1_006__250m_16_days_EVI_doy2018305_aid0001;_250m_16_days_EVI;aid0001;2018-11-01;588.0;-0.0102;0.6163;(-0.0102,0.6163);0.1726;0.1009;0.0102;0.23;0.3902;0.1547;-0.0102;0.1013
MOD13Q1_006__250m_16_days_EVI_doy2018321_aid0001;_250m_16_days_EVI;aid0001;2018-11-17;601.0;-0.033;0.5538;(-0.033,0.5538);0.1611;0.0906;0.0082;0.2207;0.4103;0.1468;-0.033;0.0906
MOD13Q1_006__250m_16_days_EVI_doy2018337_aid0001;_250m_16_days_EVI;aid0001;2018-12-03;600.0;-0.025;0.6718;(-0.025,0.6718);0.1672;0.1094;0.012;0.227;0.4249;0.1368;-0.025;0.0916
MOD13Q1_006__250m_16_days_EVI_doy2018353_aid0001;_250m_16_days_EVI;aid0001;2018-12-19;607.0;-0.0196;0.6148;(-0.0196,0.6148);0.1516;0.0979;0.0096;0.2133;0.4;0.1254;-0.0196;0.0852
MOD13Q1_006__250m_16_days_EVI_doy2019001_aid0001;_250m_16_days_EVI;aid0001;2019-01-01;609.0;-0.0202;0.6236;(-0.0202,0.6236);0.1526;0.1025;0.0105;0.2132;0.3942;0.1235;-0.0202;0.0838
MOD13Q1_006__250m_16_days_EVI_doy2019017_aid0001;_250m_16_days_EVI;aid0001;2019-01-17;607.0;-0.0223;0.5376;(-0.0223,0.5376);0.1333;0.0819;0.0067;0.1777;0.304;0.1193;-0.0223;0.0758
MOD13Q1_006__250m_16_days_EVI_doy2019033_aid0001;_250m_16_days_EVI;aid0001;2019-02-02;609.0;-0.0135;0.502;(-0.0135,0.502);0.1425;0.0878;0.0077;0.1962;0.356;0.121;-0.0135;0.0781
MOD13Q1_006__250m_16_days_EVI_doy2019049_aid0001;_250m_16_days_EVI;aid0001;2019-02-18;587.0;-0.0175;0.5481;(-0.0175,0.5481);0.1452;0.0822;0.0068;0.1918;0.347;0.1329;-0.0175;0.0859
MOD13Q1_006__250m_16_days_EVI_doy2019065_aid0001;_250m_16_days_EVI;aid0001;2019-03-06;589.0;-0.0605;0.5776;(-0.0605,0.5776);0.1505;0.0903;0.0082;0.2031;0.3782;0.1323;-0.0605;0.0847
MOD13Q1_006__250m_16_days_EVI_doy2019081_aid0001;_250m_16_days_EVI;aid0001;2019-03-22;608.0;-0.0301;0.646;(-0.0301,0.646);0.1623;0.1012;0.0102;0.214;0.3898;0.1474;-0.0301;0.0907
MOD13Q1_006__250m_16_days_EVI_doy2019097_aid0001;_250m_16_days_EVI;aid0001;2019-04-07;600.0;-0.0148;0.5485;(-0.0148,0.5485);0.1658;0.0942;0.0089;0.218;0.3951;0.1557;-0.0148;0.0953
MOD13Q1_006__250m_16_days_EVI_doy2019113_aid0001;_250m_16_days_EVI;aid0001;2019-04-23;601.0;-0.0494;0.6606;(-0.0494,0.6606);0.1702;0.0976;0.0095;0.22;0.392;0.1575;-0.0494;0.1002
MOD13Q1_006__250m_16_days_EVI_doy2019129_aid0001;_250m_16_days_EVI;aid0001;2019-05-09;599.0;-0.0157;0.5955;(-0.0157,0.5955);0.1856;0.0995;0.0099;0.2348;0.4076;0.1744;-0.0157;0.1123
MOD13Q1_006__250m_16_days_EVI_doy2019145_aid0001;_250m_16_days_EVI;aid0001;2019-05-25;603.0;-0.046;0.6029;(-0.046,0.6029);0.1773;0.107;0.0115;0.2288;0.42;0.1623;-0.046;0.0974
MOD13Q1_006__250m_16_days_EVI_doy2019161_aid0001;_250m_16_days_EVI;aid0001;2019-06-10;605.0;-0.0619;0.5584;(-0.0619,0.5584);0.1878;0.1069;0.0114;0.2495;0.4507;0.178;-0.0619;0.1093
MOD13Q1_006__250m_16_days_EVI_doy2019177_aid0001;_250m_16_days_EVI;aid0001;2019-06-26;587.0;-0.032;0.6863;(-0.032,0.6863);0.2174;0.1088;0.0118;0.2727;0.4659;0.2184;-0.032;0.1415
MOD13Q1_006__250m_16_days_EVI_doy2019193_aid0001;_250m_16_days_EVI;aid0001;2019-07-12;607.0;-0.0414;0.6334;(-0.0414,0.6334);0.2076;0.1118;0.0125;0.2778;0.508;0.1953;-0.0414;0.123
MOD13Q1_006__250m_16_days_EVI_doy2019209_aid0001;_250m_16_days_EVI;aid0001;2019-07-28;605.0;-0.0732;0.5889;(-0.0732,0.5889);0.2134;0.1181;0.0139;0.2803;0.5125;0.2036;-0.0732;0.1222
MOD13Q1_006__250m_16_days_EVI_doy2019225_aid0001;_250m_16_days_EVI;aid0001;2019-08-13;595.0;-0.041;0.59;(-0.041,0.59);0.2156;0.1117;0.0125;0.276;0.4866;0.208;-0.041;0.131
MOD13Q1_006__250m_16_days_EVI_doy2019241_aid0001;_250m_16_days_EVI;aid0001;2019-08-29;602.0;-0.0299;0.6378;(-0.0299,0.6378);0.2098;0.1078;0.0116;0.2655;0.4608;0.2092;-0.0299;0.1291
MOD13Q1_006__250m_16_days_EVI_doy2019257_aid0001;_250m_16_days_EVI;aid0001;2019-09-14;609.0;-0.0225;0.665;(-0.0225,0.665);0.2085;0.1159;0.0134;0.2726;0.4903;0.1919;-0.0225;0.1248
MOD13Q1_006__250m_16_days_EVI_doy2019273_aid0001;_250m_16_days_EVI;aid0001;2019-09-30;603.0;-0.0504;0.6634;(-0.0504,0.6634);0.2201;0.1272;0.0162;0.2922;0.5426;0.2142;-0.0504;0.1242
MOD13Q1_006__250m_16_days_EVI_doy2019289_aid0001;_250m_16_days_EVI;aid0001;2019-10-16;607.0;-0.033;0.653;(-0.033,0.653);0.187;0.1096;0.012;0.2453;0.4285;0.1732;-0.033;0.1082
MOD13Q1_006__250m_16_days_EVI_doy2019305_aid0001;_250m_16_days_EVI;aid0001;2019-11-01;609.0;-0.0319;0.6988;(-0.0319,0.6988);0.1956;0.1142;0.013;0.2692;0.496;0.1794;-0.0319;0.1112
MOD13Q1_006__250m_16_days_EVI_doy2019321_aid0001;_250m_16_days_EVI;aid0001;2019-11-17;606.0;-0.0277;0.5756;(-0.0277,0.5756);0.1718;0.101;0.0102;0.2288;0.4227;0.1565;-0.0277;0.0951
MOD13Q1_006__250m_16_days_EVI_doy2019337_aid0001;_250m_16_days_EVI;aid0001;2019-12-03;609.0;-0.0148;0.6775;(-0.0148,0.6775);0.1648;0.0971;0.0094;0.222;0.4126;0.1524;-0.0148;0.0932
MOD13Q1_006__250m_16_days_EVI_doy2019353_aid0001;_250m_16_days_EVI;aid0001;2019-12-19;607.0;-0.0546;0.5523;(-0.0546,0.5523);0.154;0.0847;0.0072;0.2107;0.3712;0.1485;-0.0546;0.0878
MOD13Q1_006__250m_16_days_EVI_doy2020001_aid0001;_250m_16_days_EVI;aid0001;2020-01-01;599.0;-0.0239;0.4747;(-0.0239,0.4747);0.1469;0.0791;0.0063;0.1982;0.355;0.1345;-0.0239;0.0874
MOD13Q1_006__250m_16_days_EVI_doy2020017_aid0001;_250m_16_days_EVI;aid0001;2020-01-17;609.0;-0.0125;0.6005;(-0.0125,0.6005);0.1672;0.0926;0.0086;0.2178;0.3804;0.1631;-0.0125;0.0996
MOD13Q1_006__250m_16_days_EVI_doy2020033_aid0001;_250m_16_days_EVI;aid0001;2020-02-02;602.0;-0.0195;0.5378;(-0.0195,0.5378);0.1575;0.0883;0.0078;0.2118;0.3892;0.1488;-0.0195;0.0918
MOD13Q1_006__250m_16_days_EVI_doy2020049_aid0001;_250m_16_days_EVI;aid0001;2020-02-18;600.0;-0.023;0.4685;(-0.023,0.4685);0.1396;0.0756;0.0057;0.1856;0.3338;0.1266;-0.023;0.0858
MOD13Q1_006__250m_16_days_EVI_doy2020065_aid0001;_250m_16_days_EVI;aid0001;2020-03-05;609.0;-0.0161;0.5213;(-0.0161,0.5213);0.14;0.0834;0.007;0.1912;0.3396;0.1307;-0.0161;0.0813
MOD13Q1_006__250m_16_days_EVI_doy2020081_aid0001;_250m_16_days_EVI;aid0001;2020-03-21;600.0;-0.0191;0.5673;(-0.0191,0.5673);0.15;0.0903;0.0081;0.1962;0.3349;0.1323;-0.0191;0.0886
MOD13Q1_006__250m_16_days_EVI_doy2020097_aid0001;_250m_16_days_EVI;aid0001;2020-04-06;605.0;-0.0242;0.4812;(-0.0242,0.4812);0.1581;0.0823;0.0068;0.2056;0.3413;0.1438;-0.0242;0.1013
MOD13Q1_006__250m_16_days_EVI_doy2020113_aid0001;_250m_16_days_EVI;aid0001;2020-04-22;587.0;-0.0495;0.5157;(-0.0495,0.5157);0.1786;0.0942;0.0089;0.2308;0.4115;0.1584;-0.0495;0.1102
MOD13Q1_006__250m_16_days_EVI_doy2020129_aid0001;_250m_16_days_EVI;aid0001;2020-05-08;602.0;-0.0366;0.5936;(-0.0366,0.5936);0.1913;0.1075;0.0115;0.2564;0.4603;0.1828;-0.0366;0.1098
MOD13Q1_006__250m_16_days_EVI_doy2020145_aid0001;_250m_16_days_EVI;aid0001;2020-05-24;603.0;-0.0737;0.6608;(-0.0737,0.6608);0.188;0.1083;0.0117;0.2407;0.4289;0.1772;-0.0737;0.1105